username,black,darkGrey,deepGrey,mediumGrey,lightGrey,white,beige,peach,brown,chocolate,rust,orange,yellow,pastelYellow,lime,green,darkGreen,forest,darkTeal,lightTeal,aqua,azure,blue,navy,purple,mauve,magenta,pink,watermelon,red,rose,maroon,darkChocolate,darkPurple
guantousam@lemmy.world,127,173,388,196,109,869,1,12,19,15,26,9,48,40,8,5,1,13,12,7,27,61,16,8,16,15,5,10,18,64,6,18,15,15
Lokloy@lemmy.world,260,79,22,16,254,1096,69,31,0,55,0,7,11,157,0,2,5,21,17,18,31,241,185,35,116,140,271,33,66,34,86,34,221,106
Lilou41@lemmy.world,898,26,53,127,56,11,0,0,0,6,7,87,59,0,0,33,17,0,0,0,0,73,58,46,64,0,0,1,3,60,30,17,101,45
Dave@lemmy.nz,170,19,77,7,37,151,231,0,27,42,5,0,15,9,28,175,103,62,0,0,42,542,144,10,21,0,2,0,0,13,17,33,0,23
AbouBenAdhem@lemmy.world,0,0,0,0,0,0,0,0,0,0,0,0,0,0,177,112,0,0,0,0,0,0,0,0,0,0,0,0,0,0,0,0,0,0
Tzingo@lemmy.world,8,0,6,0,0,1,0,0,9,0,0,0,0,3,0,1,0,0,0,0,35,78,96,0,36,1,0,0,0,0,0,0,0,54
the_dopamine_fiend@lemmy.world,8,11,0,0,0,0,0,0,0,2,0,0,5,0,0,0,10,0,0,0,2,0,3,0,0,0,0,0,0,15,0,0,0,0
KoboldCoterie@pawb.social,425,482,107,57,37,249,67,6,1,56,24,18,202,410,0,25,0,0,0,0,534,313,77,81,1,35,3,23,59,6,53,208,195,178
basxto@discuss.tchncs.de,66,6,33,13,0,42,0,0,0,34,70,62,5,1,0,2,0,0,29,0,40,0,0,0,7,8,0,11,0,6,0,0,37,0
parsnip@lemmy.ca,81,8,10,0,0,0,56,0,0,0,0,0,12,12,0,0,0,0,0,119,67,13,114,200,32,0,0,161,0,0,57,16,0,56
Mubelotix@jlai.lu,242,2,0,0,153,129,0,0,0,0,0,0,88,7,49,165,237,83,0,16,17,0,344,0,168,0,0,2,10,136,0,0,2,0
tblFlip@pawb.social,588,388,108,38,34,173,9,90,97,169,159,5,254,455,47,0,1,17,0,0,495,194,217,36,0,0,1,0,0,95,58,5,304,0
user224@lemmy.sdf.org,0,0,0,0,0,0,0,0,0,0,0,0,0,0,0,0,0,0,44,56,0,0,0,0,0,0,0,0,0,0,0,0,0,0
Syrc@lemmy.world,0,0,0,0,0,0,0,10,38,59,0,0,0,0,0,0,0,0,0,0,0,0,0,0,0,0,0,0,0,0,0,0,46,0
Ategon@programming.dev,528,254,199,90,210,92,8,40,56,38,40,249,21,0,12,60,136,272,6,29,44,617,177,33,14,2,47,10,12,214,183,132,95,52
Tihan@lemmy.world,684,66,15,76,8,107,1,0,0,0,0,17,14,6,0,9,0,0,0,0,6,34,4,0,39,0,0,30,3,26,0,3,11,18
Dynoscord@lemmy.world,49,1,11,12,243,229,0,0,0,0,0,94,0,60,0,0,0,0,0,0,1,42,2,0,2,110,10,0,26,0,0,0,0,0
Estiar@sh.itjust.works,6,0,0,0,0,63,0,0,0,0,0,0,0,1,0,0,20,0,0,0,0,6,0,0,0,0,0,0,0,0,0,0,0,3
Bigcheese@lemmy.world,69,0,10,0,8,0,3,0,0,0,0,16,0,97,0,0,0,0,0,0,43,18,9,0,25,7,7,39,4,8,0,0,0,25
PixeIOrange@lemmy.world,0,0,0,4,0,0,8,6,3,1,7,15,0,12,5,6,9,8,5,4,4,6,4,5,2,6,2,5,6,5,2,0,0,9
the_real_monte@sh.itjust.works,116,21,12,3,88,183,1,1,1,1,2,21,28,3,2,67,13,3,2,1,9,44,52,17,2,1,4,2,2,134,3,2,0,12
WeirdAlex03@lemmy.zip,7,18,0,72,88,47,6,0,4,0,0,0,31,0,0,2,4,0,0,0,0,1,23,42,7,4,3,5,0,7,5,6,6,276
patyk@lemmy.world,0,0,0,0,0,0,0,0,0,0,0,0,0,0,0,0,0,0,0,0,0,3,0,0,0,0,0,0,0,0,0,0,0,0
atlas@reddthat.com,24,66,1,33,7,23,110,28,112,41,4,79,3,0,0,47,90,41,0,0,11,37,13,7,2,0,2,9,36,24,8,1,119,2
brgo@lemmy.nz,17,0,0,0,0,24,0,0,30,0,59,0,0,0,0,0,0,0,0,0,0,50,560,0,0,0,0,24,0,0,0,0,0,0
kilgore_trout@feddit.it,65,18,31,0,0,3,16,0,0,13,8,74,5,31,11,59,254,61,0,0,0,0,55,20,0,0,0,30,0,57,18,0,0,0
freddo@feddit.nu,0,0,9,0,0,4,0,0,0,1,0,0,79,59,0,0,0,5,0,0,0,2,108,0,0,0,0,0,0,11,0,0,0,0
PdizzleParker@lemmy.world,213,0,4,3,27,9,20,0,0,9,0,29,0,71,0,56,0,37,189,0,80,1,8,0,57,65,17,0,84,1,8,8,0,1
popol_monopol@jlai.lu,108,0,68,69,84,10,0,0,3,12,0,0,111,0,0,0,0,0,0,0,0,0,0,34,0,136,0,182,0,0,0,0,5,44
imonboard@lemmy.world,318,27,46,0,0,93,0,0,8,0,7,49,90,0,10,38,15,0,0,88,189,117,6,34,64,20,15,12,1,178,3,5,1,112
pornalt@reddthat.com,229,0,0,0,0,28,0,0,0,0,0,0,0,0,0,0,0,0,0,0,0,0,0,0,0,0,0,0,0,0,0,0,0,0
inlandempire@jlai.lu,68,0,80,0,2,251,12,0,2,1,0,3,45,0,0,15,78,17,0,3,58,33,141,123,159,0,0,0,26,237,16,28,0,23
anton@lemmy.blahaj.zone,0,0,0,0,0,0,0,0,0,44,26,2,58,0,0,0,0,0,0,0,0,0,0,337,0,0,0,0,0,0,0,0,0,0
TheGuyTM3@lemmy.ml,239,340,221,103,67,13,26,71,54,36,0,4,0,68,0,2,10,1,27,9,10,55,145,121,5,153,4,51,8,103,48,4,5,71
luthis@lemmy.nz,0,3,0,24,118,5,0,8,42,126,0,9,30,47,2,113,17,1,0,0,0,422,104,8,0,0,0,0,0,0,0,6,49,0
SiKCLeR@lemmy.world,0,0,0,0,0,5,0,0,0,0,0,0,0,0,0,0,0,0,0,0,0,0,1,0,0,0,0,0,0,1,0,0,0,0
pruwybn@discuss.tchncs.de,1,0,0,0,0,0,0,0,0,0,0,0,0,0,0,0,0,0,0,0,0,0,0,0,0,0,0,0,0,0,0,0,0,0
Johannes@feddit.nu,0,0,0,0,0,0,0,0,0,0,0,0,0,0,0,0,0,0,0,0,0,0,37,0,0,0,0,0,0,0,0,0,0,0
Redjard@reddthat.com,1205,83,238,30,16,324,48,61,6,33,18,168,237,20,16,113,113,16,0,0,67,235,64,45,169,38,16,115,30,353,62,14,21,48
Sibbo@sopuli.xyz,7,0,0,0,0,16,0,0,0,0,0,0,0,0,0,0,0,0,0,0,0,0,0,0,0,0,0,0,0,1,0,0,0,0
threelonmusketeers@sh.itjust.works,273,35,108,80,45,298,23,1,73,108,31,12,28,15,32,108,143,12,0,0,771,223,447,87,13,84,0,2,27,71,63,54,4,3
omma@discuss.tchncs.de,0,0,0,0,0,1,0,0,0,0,0,0,0,0,0,0,0,2,2,2,0,0,0,0,0,0,0,0,0,0,0,0,0,0
Kelo@lemmy.world,1490,343,146,37,122,123,2,145,52,1,6,28,140,43,2,9,6,4,1,1,59,59,66,27,31,35,17,15,0,42,6,1,22,12
Fizz@lemmy.nz,214,19,0,0,22,3,0,0,62,3,0,0,8,0,7,0,75,16,0,0,35,250,13,8,5,0,3,0,0,0,0,0,0,14
LordAmplifier@pawb.social,273,14,10,0,1,33,0,11,11,182,22,47,129,0,5,0,0,0,0,0,5,147,196,19,0,0,0,0,0,28,25,0,19,0
pewgar_seemsimandroid@lemmy.blahaj.zone,96,7,15,0,56,22,49,2,0,0,4,0,5,0,1,0,0,26,0,0,6,6,20,0,9,0,0,2,0,2,0,0,0,2
Snoopy@piefed.social,47,0,1,12,17,88,24,2,60,76,10,2,27,2,0,209,62,16,0,60,298,51,490,0,0,0,51,0,0,0,0,0,0,0
0_0@sopuli.xyz,277,11,78,314,79,92,1,55,89,46,2,2,320,13,0,0,0,0,0,6,8,21,30,137,7,411,13,333,0,0,0,0,0,274
hdggDalton@toast.ooo,675,34,12,6,21,82,0,2,4,1,4,4,18,4,8,9,3,4,3,5,17,7,11,3,102,13,13,18,2,41,0,5,0,101
siv9939@lemmy.zip,623,330,125,68,30,40,0,0,0,0,261,177,272,286,0,10,1,0,0,0,53,106,0,105,0,0,52,37,0,0,0,0,0,0
Vaporek@mas.to,375,22,241,35,75,238,0,6,17,6,43,25,72,51,0,44,1,0,43,0,257,204,261,101,2,906,8,17,2,241,19,8,0,33
Ohsin@mastodon.social,4,0,0,0,0,13,0,0,0,0,0,0,0,0,0,0,0,0,6,0,50,0,1,0,0,0,0,0,32,134,0,0,0,0
ChaoticNeutralCzech@feddit.org,37,35,0,1,1,5,0,0,0,21,482,123,24,1,0,36,0,0,0,91,2,19,8,446,0,0,0,0,7,2,0,0,8,0
ACatAndPonyShow@mastodon.social,4,0,84,7,52,0,6,0,0,0,4,18,0,6,0,0,8,0,0,12,0,0,0,0,0,0,0,7,0,0,0,6,13,0
ns1@feddit.uk,0,0,0,0,0,0,0,0,0,0,0,0,0,0,0,0,0,0,1,1,3,2,1,0,0,0,0,0,0,0,0,0,0,0
Staden_@pawb.social,42,48,0,28,0,14,0,0,30,0,0,61,0,0,0,0,0,0,0,0,0,0,0,140,0,2,0,0,0,0,8,2,0,0
DrDuskSaw@lemmy.world,110,0,7,25,51,49,5,2,13,103,1,85,9,69,4,0,0,17,1,44,238,13,43,0,14,136,157,53,87,59,21,9,5,90
grant@grants.cafe,407,21,14,21,15,61,0,0,0,0,0,0,0,0,0,0,0,0,0,9,240,0,4,0,0,0,0,0,0,0,1,0,0,0
misericordiae@literature.cafe,190,69,2,0,1,331,1,0,0,0,0,0,33,1,0,0,6,0,94,50,28,15,171,242,26,14,0,26,0,0,2,4,0,450
TheWaffleLord@toast.ooo,210,150,266,554,129,1,0,0,7,45,9,23,25,17,0,11,0,0,0,4,21,36,18,0,4,0,0,56,2,10,14,0,0,3
mindbleach@sh.itjust.works,6,6,20,0,0,17,0,0,4,0,1,4,0,0,28,0,0,0,0,0,0,0,21,12,0,5,0,1,0,0,0,0,0,44
fishtune@programming.dev,185,7,0,4,9,0,0,0,2,2,13,35,19,12,14,4,3,0,4,19,35,154,141,1,5,4,2,8,0,5,2,0,2,5
synapse1278@lemmy.world,141,12,1,3,2,127,38,0,0,0,12,0,75,5,0,0,0,0,60,121,157,21,213,120,52,14,0,12,9,0,22,12,0,78
dronarnia@lemmy.world,0,29,42,0,4,4,230,0,12,1,0,0,23,0,0,9,6,0,30,41,0,44,145,0,20,0,0,0,0,0,1,0,0,13
RetroBoi128@toast.ooo,428,10,17,76,345,34,0,105,31,85,0,6,13,39,0,29,17,0,0,1,127,168,2,0,0,4,2,6,0,31,5,0,0,0
emb@lemmy.world,194,63,23,0,0,2,0,0,0,19,138,25,0,0,12,24,0,19,2,5,1,110,8,15,0,0,0,0,0,0,11,6,1,2
flamingos@feddit.uk,30,6,0,0,14,8,0,4,0,0,0,0,45,0,0,0,0,0,0,0,4,14,0,104,0,0,0,0,0,100,51,0,0,0
7eter@feddit.org,24,0,0,0,0,31,0,0,0,0,22,0,63,0,0,0,0,0,0,0,312,5,4,80,0,0,0,0,0,4,0,0,0,0
AllrightImmaHeadOut@discuss.tchncs.de,0,0,0,0,0,0,0,0,0,0,48,0,0,0,0,0,0,0,0,0,0,0,0,139,0,0,0,0,0,0,0,0,0,0
Zwiebel@feddit.org,0,0,0,0,0,0,0,0,0,0,0,0,1,0,0,0,0,0,0,0,0,0,0,0,0,0,0,0,0,0,0,0,0,0
Stitch0815@feddit.org,190,0,0,0,0,2,0,0,0,0,110,0,4,1,0,0,0,0,0,0,0,16,7,39,0,0,0,0,0,0,0,0,0,7
frozen_flaps@lemmy.world,6,56,6,24,31,65,0,0,1,0,63,0,59,0,0,0,0,0,6,0,0,7,73,59,4,0,0,0,0,5,12,0,0,129
catatat@feddit.org,0,0,0,0,0,0,0,0,0,0,0,0,0,0,0,0,0,0,0,0,0,0,0,4,0,0,0,0,0,0,0,0,0,0
Hubi@feddit.org,11,7,8,8,11,6,7,8,8,109,52,0,1,47,10,15,8,2,13,24,21,11,0,25,0,11,2,15,13,28,16,11,14,0
Undearius@lemmy.ca,0,0,0,0,0,0,0,0,0,0,0,0,4,0,0,0,0,0,0,0,0,0,0,0,0,0,0,0,0,0,0,0,0,0
LongLive@lemmy.world,7,0,0,0,0,4,0,10,2,0,8,12,14,6,5,2,0,3,5,0,0,0,2,4,2,1,2,4,0,0,11,11,0,0
Pandantic@midwest.social,102,0,79,7,10,81,10,0,0,2,3,7,54,98,10,209,198,0,58,56,22,3,26,0,24,9,22,4,74,104,18,104,2,5
Matombo@feddit.org,38,0,0,0,0,0,0,0,0,4,6,0,0,0,0,0,0,0,0,0,0,0,0,0,0,0,0,0,0,15,0,0,0,0
martinbasic@lemmy.world,720,7,4,13,8,25,8,0,7,2,12,23,0,1,2,0,0,0,3,61,5,66,3,482,0,0,0,8,22,6,2,0,0,3
caos@feddit.org,0,7,12,98,139,0,8,0,83,126,397,65,69,0,0,0,0,0,3,2,0,54,228,57,0,0,0,31,0,0,1,0,22,0
LittleshyFiM@derpy.masto.host,0,0,2,9,24,0,0,0,0,0,0,11,49,34,0,0,0,0,0,0,0,0,0,0,0,0,0,0,0,0,0,0,0,0
Rainarch@mastodon.social,2,7,1,5,0,107,5,3,67,0,0,0,1,0,0,0,0,0,2,0,31,3,0,0,0,0,0,0,0,41,0,0,0,0
Terrance@lemmy.world,0,6,0,0,52,0,0,0,0,0,0,41,0,0,0,0,0,0,0,0,0,0,0,8,0,0,0,0,0,49,0,0,0,0
ChaosCoati@midwest.social,230,3,71,30,50,593,6,41,0,103,17,36,35,45,0,1,45,37,8,13,42,27,33,214,11,85,10,9,11,40,2,4,1,99
Ethanol@pawb.social,458,94,37,12,46,125,2,75,0,5,78,6,42,79,33,0,31,33,26,0,423,303,77,2,2,0,0,9,16,78,200,107,5,1
moosetwin@lemmy.dbzer0.com,217,17,18,143,0,31,0,0,23,12,160,44,28,179,0,1,1,0,0,0,1,10,19,2,6,0,0,0,2,19,17,0,0,1
imaqtpie@sh.itjust.works,338,1,22,79,120,114,1,0,0,3,7,9,136,5,0,30,14,0,0,0,162,13,9,4,9,0,0,0,0,28,2,0,0,0
Kess8a@lemy.lol,156,146,76,72,272,955,80,14,11,11,3,3,68,12,0,8,4,11,3,0,61,47,15,99,21,82,4,19,40,11,0,1,0,26
OlimitLolli@feddit.org,106,12,0,130,0,348,0,0,0,0,238,26,109,0,8,41,124,17,14,13,27,75,125,19,37,9,7,12,5,111,4,0,0,59
blackjacksepp@mstdn.party,47,0,0,0,0,103,0,0,25,1,23,14,0,0,0,2,0,0,0,0,27,24,180,1,0,0,0,0,0,0,1,0,0,0
fonji@sopuli.xyz,16,0,0,0,31,0,0,0,0,0,0,0,84,0,3,0,11,39,0,0,0,0,87,0,0,0,0,0,0,0,0,0,0,0
cows_are_underrated@feddit.org,0,0,0,2,4,0,0,0,0,0,4,0,0,0,0,0,0,0,0,0,16,0,0,4,0,0,0,0,0,0,0,0,0,6
pinage404@mamot.fr,6,0,0,0,0,10,7,0,0,157,312,0,18,0,0,0,0,0,0,0,15,0,0,105,0,0,0,0,1,0,0,0,245,0
deedan06_@lemmy.dbzer0.com,1036,0,0,0,0,0,0,0,0,0,0,0,0,0,0,0,0,0,0,0,0,0,0,7,4,0,0,0,0,36,0,0,0,0
Quilly@equestria.social,0,0,0,0,0,0,0,0,0,0,0,0,0,6,1,0,0,0,0,0,0,0,0,0,8,7,22,27,6,0,0,0,5,1
Montagge@lemmy.zip,161,237,62,8,0,5,0,0,0,0,31,24,49,104,0,0,0,0,0,0,0,0,0,0,0,0,0,0,0,0,0,0,0,0
Dunstabzugshaubitze@feddit.org,1210,73,14,9,25,43,0,0,0,4,127,30,476,0,0,23,3,0,0,0,64,107,0,79,15,9,9,0,0,25,0,0,2,0
tigeruppercut@lemmy.zip,141,0,0,0,0,8,0,0,0,0,0,0,0,0,0,0,0,0,0,0,0,0,0,0,0,0,0,0,0,0,0,0,0,0
usernamesAreTricky@lemmy.ml,167,0,0,11,0,35,0,0,0,0,0,0,0,0,0,0,0,0,123,94,0,0,0,0,0,0,4,3,0,0,0,0,0,0
germste@lemmy.ca,0,0,0,0,0,0,0,0,9,0,0,0,0,0,0,6,0,0,0,0,0,0,0,0,0,0,0,0,0,0,0,0,0,3
Neon_Carnivore@lemmy.zip,30,187,18,6,0,0,0,0,0,0,56,38,39,4,0,0,0,0,0,0,0,0,0,0,0,0,0,0,0,0,0,0,0,0
Gobbel2000@programming.dev,15,186,0,0,0,17,0,0,0,0,0,0,0,0,0,0,0,0,0,0,0,2,1,0,0,0,0,0,0,0,0,0,0,0
JPAKx4@lemmy.blahaj.zone,40,0,0,0,9,73,0,0,0,0,0,7,10,0,0,4,0,0,0,0,2,1,7,0,34,0,22,0,0,14,0,0,0,0
Deebster@infosec.pub,316,9,39,0,9,23,0,38,6,2,20,4,270,37,22,35,28,3,4,3,18,26,0,132,4,2,2,0,0,146,6,0,3,8
Marty_TF@lemmy.zip,17,0,0,0,0,2,0,0,0,0,20,0,0,0,0,0,0,0,0,0,0,0,0,3,0,0,0,0,0,0,0,0,0,0
otter@lemmy.ca,14,0,89,21,15,3,0,0,4,1,0,0,8,0,0,0,101,29,0,0,0,37,58,7,3,0,0,0,40,65,68,1,14,21
wagesj45@mastodon.jordanwages.com,1,12,61,37,17,0,0,0,0,0,0,4,10,0,12,0,71,0,0,0,0,22,16,62,5,0,4,4,0,8,40,0,0,3
all4one@lemmy.zip,0,0,0,0,0,0,0,0,0,0,0,0,0,0,0,0,0,0,0,0,3,4,3,0,0,0,0,0,0,0,0,0,0,1
bobtimus_prime@feddit.org,0,0,0,0,0,0,0,0,0,0,29,0,0,0,0,0,0,0,0,0,0,0,0,0,0,0,0,0,0,0,0,0,0,0
bae@mas.to,0,0,0,1,12,10,2,18,0,1,16,0,25,0,0,0,3,0,0,0,56,0,17,0,4,0,0,24,0,0,29,0,0,0
lugal@sopuli.xyz,611,0,0,0,162,212,31,0,0,8,0,2,47,0,2,78,167,277,0,0,15,0,30,0,0,0,0,22,0,32,1,0,0,4
Addoyy@feddit.org,0,0,0,0,0,0,0,0,0,0,10,0,0,0,0,0,0,0,0,0,0,0,0,0,0,0,0,0,0,0,0,0,0,0
petrescatraian@mstdn.ro,136,0,0,0,0,8,0,0,0,0,0,0,0,0,0,0,0,0,0,0,0,7,0,0,0,0,0,0,0,0,0,0,0,0
elvith@feddit.org,2,0,0,0,0,0,0,0,0,0,30,0,6,0,0,0,0,0,0,0,0,0,0,0,0,0,0,0,0,0,0,0,0,0
mcmodknower@programming.dev,0,0,0,0,0,0,0,0,0,0,6,0,0,0,0,0,0,0,0,0,0,0,0,0,0,0,0,0,0,0,0,0,0,0
frodz@feddit.org,0,0,0,0,0,0,0,0,0,0,0,0,0,0,0,0,0,0,0,0,0,0,0,4,0,0,0,0,0,0,0,0,4,0
wuffwuffwuff@sh.itjust.works,3,31,6,0,111,6,4,6,0,0,0,8,19,10,1,65,0,0,21,151,12,12,17,12,10,14,12,23,14,2,0,0,0,114
box464@mastodon.social,0,0,0,0,0,0,0,0,0,0,0,0,0,0,0,0,0,0,0,0,0,0,1,0,0,0,0,0,0,0,0,0,0,0
yetAnotherUser@discuss.tchncs.de,120,3,0,131,3,40,2,36,46,60,145,116,47,0,0,0,2,2,0,0,1,2,105,550,40,4,2,1,17,30,3,8,1,12
theacharnian@lemmy.ca,21,0,0,0,0,0,0,0,0,0,0,0,0,0,0,0,0,0,0,0,0,49,0,0,0,0,0,0,0,0,0,0,0,0
a_wild_mimic_appears@lemmy.dbzer0.com,70,5,0,0,0,10,0,0,0,0,0,0,0,0,0,0,0,0,0,0,0,0,0,0,0,0,0,0,0,0,0,0,0,0
renormalizer@feddit.org,0,0,0,0,0,0,0,0,0,5,0,0,0,0,0,0,0,0,0,0,0,0,0,62,0,0,0,0,0,0,0,0,0,0
lemmyrob@feddit.org,140,0,0,0,0,3,18,0,0,0,0,0,0,0,0,0,8,0,0,0,0,0,15,0,0,0,0,0,0,28,0,0,0,0
Mykeyy@toast.ooo,24,0,0,0,0,0,0,0,0,0,0,0,0,0,0,0,0,0,0,0,0,0,0,0,0,0,0,0,0,0,0,0,0,1
bravesentry@feddit.org,164,0,0,0,0,0,0,0,0,0,0,0,0,0,0,0,0,0,0,0,0,0,0,0,0,0,0,0,0,0,0,0,0,0
JRaccoon@discuss.tchncs.de,287,34,26,54,26,20,45,50,132,202,525,24,311,0,0,0,114,14,18,0,58,106,59,226,64,0,0,31,18,18,13,60,53,12
idealotus@lemmy.world,0,0,0,0,0,0,0,0,0,1,0,0,0,0,0,0,0,0,0,0,1,0,0,0,0,0,0,0,0,0,0,0,0,0
myusername@sopuli.xyz,7,12,2,4,6,58,18,16,17,13,8,5,978,17,20,10,8,10,5,7,14,9,838,159,17,16,15,16,4,132,5,7,8,15
alk@mastodon.social,0,0,0,0,0,0,0,0,0,0,0,0,0,0,0,0,0,0,0,0,0,13,0,0,0,0,0,0,0,0,0,0,0,0
onnekas@sopuli.xyz,0,0,0,0,0,1,0,0,0,0,1,33,7,0,0,0,0,0,0,0,0,0,8,0,0,0,0,0,0,0,0,0,0,0
FQQD@chaos.social,73,0,0,13,41,38,17,0,0,4,50,24,9,0,0,63,0,0,1,0,58,7,25,10,27,0,25,30,8,219,8,0,1,229
Cacktus@feddit.org,0,0,0,0,0,0,0,0,0,0,1,0,0,0,0,0,0,0,0,0,0,0,0,0,0,0,0,0,0,0,0,0,0,0
Rose@lemmy.zip,554,0,0,143,0,62,0,7,0,1,1,6,167,0,0,8,3,0,354,362,55,0,139,0,0,0,89,6,0,9,0,0,0,12
marius851000@mariusdavid.fr,232,49,130,88,184,86,28,13,20,47,43,77,116,249,13,48,30,0,4,8,373,158,173,90,167,39,28,66,82,88,23,32,0,139
technopagan@lemmy.world,0,0,0,0,0,0,0,0,0,0,10,0,13,0,0,0,0,0,0,0,0,0,0,0,0,0,0,0,0,0,0,0,0,0
DmMacniel@feddit.org,2179,43,2,126,0,50,0,0,68,294,217,96,63,0,0,3,0,0,23,22,4,31,29,308,26,32,34,8,45,63,24,14,61,29
Havatra@lemmy.zip,0,0,0,0,0,0,0,2,0,6,0,11,0,0,0,0,10,0,0,0,0,0,0,0,0,0,0,0,0,0,0,0,0,0
schnurrito@discuss.tchncs.de,0,0,56,55,0,12,0,0,0,0,27,0,20,0,0,0,210,70,0,0,0,0,0,25,0,0,0,0,0,0,0,0,0,0
shiva@bytes.programming.dev,95,56,7,81,59,16,94,53,36,197,0,26,0,17,2,4,15,0,2,2,0,43,0,0,0,0,15,24,14,11,15,4,167,0
KokoSabreScruffy@lemmy.world,124,30,59,40,27,2,31,51,55,100,15,9,104,8,0,0,9,70,0,0,4,9,0,118,23,12,18,76,29,14,55,107,20,0
Laku@toast.ooo,0,0,1,0,29,7,5,8,0,0,0,0,1,0,3,2,0,0,0,0,0,0,0,0,0,0,0,0,0,0,0,0,0,0
D_a_X@feddit.org,663,51,0,0,0,3,0,0,0,30,52,49,118,0,0,0,0,0,0,0,0,0,0,0,0,0,0,0,0,0,0,0,0,0
1stQ@feddit.org,80,0,13,0,0,1,0,0,0,12,0,0,13,0,1,0,0,0,0,0,0,0,0,0,0,0,0,0,0,5,0,0,0,0
Lumidaub@feddit.org,0,0,0,0,0,131,0,0,0,0,0,27,1,26,0,0,0,0,0,0,0,3,44,0,0,0,0,0,5,43,4,8,0,0
grozzle@lemmy.zip,12,60,152,98,3,10,97,7,31,0,0,6,43,0,0,138,2,0,0,0,68,4,9,18,0,0,1,4,0,0,15,3,0,6
ellyponey@equestria.social,11,0,0,14,0,13,0,0,0,2,2,9,0,6,29,143,12,139,0,0,23,85,0,83,36,621,11,11,0,28,0,1,62,4
Illinoismapper@toast.ooo,331,9,36,26,49,32,11,10,0,28,0,46,0,121,0,1,0,48,39,0,89,132,170,0,141,136,121,70,94,28,21,7,0,115
DrunkAnRoot@sh.itjust.works,157,0,0,0,0,2,0,0,0,0,0,0,0,0,0,0,0,0,0,0,0,0,0,0,0,0,0,18,0,0,0,0,0,0
VNBright@toast.ooo,271,88,54,75,30,238,46,113,10,2,65,136,472,418,30,28,21,0,7,0,5,19,1,5,0,0,0,0,0,51,52,32,0,0
Tamero@dizl.de,88,0,0,0,0,177,0,0,0,0,0,0,1,0,2,0,0,0,0,0,0,0,639,0,0,0,0,0,0,0,0,0,0,0
Tudsamfa@lemmy.world,198,0,882,0,3,337,1,7,0,0,0,0,0,20,0,0,0,0,0,0,0,0,62,58,0,0,0,0,0,0,0,0,0,0
shmanio@lemmy.world,0,0,0,0,0,2,0,0,0,0,0,0,0,0,0,0,5,0,0,0,0,0,0,0,0,0,0,0,0,4,0,0,0,0
Mouseborg@mastodon.social,308,0,111,0,5,556,0,0,0,0,1,0,317,0,0,86,51,0,0,0,0,0,12,234,0,0,0,0,0,0,0,0,0,0
yen@europe.pub,3,2,4,4,4,428,123,4,6,5,117,97,12,78,4,5,5,4,4,65,147,5,4,4,4,5,5,25,1,10,2,2,6,4
WrenMala8@pawb.social,0,0,0,0,17,5,0,0,0,76,46,0,0,0,0,0,0,0,0,0,0,118,0,30,0,0,0,0,0,0,0,0,0,0
C0MPUT3_36@sh.itjust.works,1806,12,0,105,0,33,0,31,12,16,7,31,11,0,0,0,0,1,0,0,23,0,0,304,0,0,0,24,14,173,47,0,101,2
helloyanis@furries.club,9,0,0,7,9,2,0,0,0,0,0,0,36,14,2,65,21,2,1,0,0,0,0,0,0,0,1,18,13,0,0,0,0,0
rarWars@lemmy.blahaj.zone,69,8,10,9,0,9,0,0,0,0,15,4,46,2,0,0,11,0,12,0,16,0,41,0,81,1,31,0,0,40,0,0,0,3
nmuniz@equestria.social,33,5,21,10,82,21,24,10,11,38,0,80,5,137,14,0,1,28,32,71,108,192,76,0,71,33,89,138,25,25,39,37,0,120
pmk@piefed.ca,307,0,0,0,7,81,0,0,0,0,0,0,0,0,0,2,0,36,0,0,2,0,38,0,170,0,15,0,0,27,0,0,0,0
Illuner@mastodon.social,31,95,22,142,30,330,158,45,32,16,17,0,32,3,125,208,196,44,24,0,0,94,0,188,0,0,0,0,30,32,0,2,0,0
soloq@mastodon.social,9,27,73,25,14,0,49,24,105,61,12,8,11,7,74,1,4,20,18,13,14,0,0,0,0,0,0,0,22,8,14,22,0,0
buzzybuzzbuzz@mastodon.social,7,41,2,11,0,65,0,5,20,10,0,0,14,0,4,11,0,8,0,20,0,0,0,1,0,0,0,1,36,12,2,0,4,3
Toastor@toast.ooo,148,104,33,116,6,751,0,75,19,0,0,10,20,19,1,4,0,0,3,6,266,80,135,27,10,44,11,0,4,84,2,0,0,10
MurdockWolfgang@pawb.social,76,47,25,37,30,26,0,0,0,0,0,12,0,0,0,12,39,1,0,0,0,0,14,0,0,0,0,0,0,16,0,0,0,4
Eevay_@equestria.social,873,82,149,147,93,721,0,0,0,20,13,58,199,116,12,52,3,12,0,45,11,136,100,13,43,15,20,14,18,130,139,0,3,5
Grail@multiverse.soulism.net,885,2,920,10,17,360,15,0,5,29,7,27,75,0,0,235,244,31,0,0,0,14,38,0,37,10,1,0,31,189,0,0,0,246
Mechoselachia@multiverse.soulism.net,330,21,267,5,26,13,3,0,0,0,2,1,20,0,0,131,68,10,6,0,0,84,0,14,62,43,1,1,23,53,0,0,3,36
TootSweet@lemmy.world,531,1,12,3,14,58,6,0,0,0,0,0,0,0,0,0,78,0,0,0,0,0,19,6,27,6,0,0,0,3,1,0,0,63
nagol12344@mastodon.social,77,8,0,6,0,126,91,116,38,0,3,21,23,4,74,22,0,0,0,0,0,98,0,13,1,123,0,5,0,23,4,0,0,0
zitronenschnitte@feddit.org,190,0,0,0,0,5,0,0,0,51,62,0,60,0,0,0,0,0,0,0,0,0,30,277,0,0,0,20,0,74,0,0,0,54
enchantedgoldapple@sopuli.xyz,775,604,9,27,18,22,96,56,50,214,0,102,29,75,11,111,3,23,0,0,205,182,0,158,0,12,0,0,2,10,0,11,113,245
SleepyLilVamp@mastodon.social,228,36,9,28,29,1039,195,154,21,3,0,47,50,22,71,61,0,0,0,4,1,27,10,83,42,172,0,11,30,113,11,10,0,23
skyland428@toast.ooo,79,37,50,9,9,0,1,25,58,47,0,1,0,4,75,0,10,1,16,0,21,16,0,26,0,0,0,0,12,0,11,33,0,14
melon@ap.fruity.website,63,10,9,0,0,333,0,0,0,0,0,1,0,0,0,0,0,0,0,0,0,34,37,9,0,0,0,17,20,8,0,0,0,0
potatoattorney@mastodon.social,216,2,19,31,37,5,5,57,24,33,0,1,5,3,0,2,47,0,0,0,2,131,1,0,4,2,1,5,0,4,0,0,0,1
NovaRaye@mastodon.social,222,188,9,38,174,116,7,0,0,19,144,92,0,0,22,55,7,0,9,0,225,124,16,9,8,27,66,80,0,39,36,3,0,15
MadPsyentist@lemmy.nz,68,39,7,0,0,43,0,0,6,0,0,4,63,0,8,100,313,119,0,0,0,32,38,0,0,0,0,0,0,0,2,0,0,0
ProdigalFrog@slrpnk.net,851,135,3,2,22,157,30,57,75,17,5,28,25,12,15,27,103,8,0,1,107,28,7,3,6,0,40,25,3,15,37,15,12,9
SpiderDoctor@multiverse.soulism.net,452,75,237,0,3,27,2,0,0,0,0,1,24,0,0,142,119,0,0,0,0,5,0,0,0,0,0,5,0,26,0,0,0,0
toz10@toast.ooo,711,25,208,28,29,32,10,7,0,46,183,49,252,51,0,161,259,109,0,0,44,14,202,157,66,32,30,0,24,200,1,40,9,6
arctisian@mastodon.social,172,154,99,90,59,295,115,57,57,92,0,19,20,0,78,67,106,130,6,4,0,174,0,29,0,15,0,0,0,20,26,85,10,64
RKian@mastodon.social,0,0,0,0,0,0,0,9,3,0,0,0,0,0,0,0,0,3,12,0,0,5,0,0,0,0,0,0,8,7,0,0,0,0
green_copper@kbin.earth,620,178,111,28,221,217,141,26,325,192,35,15,4,107,3,39,13,12,0,0,592,196,114,77,48,1,43,15,0,39,248,149,44,480
waldfee@feddit.org,246,5,0,0,2,267,16,3,4,248,52,299,304,12,38,466,57,1,0,2,182,1,0,72,5,589,0,185,30,191,7,0,0,23
culprit@lemmy.ml,11,0,0,0,0,5,0,0,0,0,2,2,42,2,2,0,2,0,2,0,0,0,13,0,0,0,0,0,0,96,30,16,0,2
baschi29@feddit.org,1383,75,0,51,0,15,0,1,19,31,6,0,166,0,0,1,0,0,4,3,0,0,8,190,0,0,0,0,0,3,1,0,118,0
D@piefed.social,39,0,0,0,0,51,0,0,0,35,17,0,24,0,0,16,0,3,0,39,36,0,40,0,0,8,0,24,0,1,0,0,0,68
NightFantom@slrpnk.net,296,0,0,0,0,0,0,0,0,65,0,0,182,0,0,0,122,0,0,0,0,0,0,0,0,0,0,0,2,0,33,0,0,0
Zawa@lemmy.world,2438,7,2,6,7,5,0,1,3,2,0,0,30,0,0,0,0,0,0,0,0,0,0,0,4,0,6,0,0,0,0,0,0,0
kip@piefed.zip,99,2,4,0,6,70,19,0,82,297,0,88,166,48,1,15,52,21,0,0,0,0,0,14,11,12,313,190,66,30,23,0,72,2
Tzar1@toast.ooo,24,34,9,8,12,156,0,0,19,0,0,154,32,111,0,0,19,0,4,11,91,150,210,2,89,115,0,109,65,86,71,0,0,150
Whats_your_reasoning@lemmy.world,492,5,12,2,9,22,43,2,41,2,25,0,58,4,4,29,34,0,42,26,149,110,47,5,14,0,4,0,0,76,80,11,26,0
guynamedzero@piefed.zeromedia.vip,97,0,0,0,2,17,1,2,0,0,10,0,0,0,0,4,11,0,0,0,2,8,0,33,0,0,1,0,0,0,0,0,0,0
magic@toast.ooo,372,0,0,0,0,9,0,17,0,9,0,193,89,0,0,0,0,0,0,69,0,0,0,2,0,0,0,0,0,0,0,0,0,0
Redo11@szmer.info,67,0,0,0,0,10,0,0,0,0,0,0,0,0,0,0,0,0,2,27,0,0,0,0,0,0,0,0,0,0,2,4,0,0
Krusty@feddit.it,77,22,6,13,2,11,0,0,1,22,2,14,84,3,0,0,150,2,0,0,4,39,0,10,0,1,0,0,3,0,3,0,0,0
ludrol@bookwyr.me,115,9,43,36,6,81,8,4,3,4,14,1,47,3,16,75,4,0,2,22,14,125,71,129,2,0,0,1,7,7,1,0,0,1
PixeIOrange@feddit.org,9,0,0,1,6,63,5,9,14,8,33,9,20,36,17,33,17,7,15,12,14,12,42,27,28,8,13,9,6,31,28,4,0,27
lnxtx@sopuli.xyz,385,1,78,0,182,149,0,1,5,7,0,248,65,57,0,0,0,104,0,0,401,0,5,44,0,120,27,25,0,630,10,4,0,18
IronKrill@lemmy.ca,24,120,146,16,0,280,604,43,86,91,0,0,29,109,0,0,0,0,0,0,0,0,3,35,0,2,0,0,4,244,26,32,56,22
snoons@lemmy.ca,67,18,26,7,22,244,6,5,5,46,15,33,91,0,3,3,9,22,0,0,21,16,155,11,2,8,22,31,0,191,19,16,14,14
tuffmeep@toast.ooo,98,0,0,0,0,0,0,0,0,0,0,112,0,0,0,0,0,0,0,20,0,0,0,0,0,0,0,0,0,0,0,0,0,0
AMA@piefed.zip,21,0,0,0,17,62,0,0,0,0,5,2,4,0,2,0,92,8,0,1,5,20,10,0,4,0,0,0,0,12,3,1,0,0
pomo@toast.ooo,102,19,18,6,49,23,0,0,0,0,25,27,27,0,0,0,54,83,0,0,62,258,0,13,8,1,0,0,0,0,211,185,0,0
Slein4273@feddit.org,135,11,0,0,0,6,1,13,12,8,314,49,106,0,0,6,0,0,0,0,0,0,16,167,0,0,12,0,53,33,0,4,0,0
aurora@bark.lgbt,98,13,1,0,14,122,14,6,5,7,55,17,59,0,0,0,0,0,0,0,87,68,13,17,0,0,0,2,0,0,17,0,25,0
foxymochakitten@slrpnk.net,60,103,11,0,9,14,157,13,0,2,13,6,39,249,1,36,28,4,0,1,55,32,6,0,5,18,52,114,15,14,0,0,111,0
Dodo8071795@toast.ooo,296,0,55,141,42,0,53,60,55,20,0,52,101,0,17,86,0,1,0,0,0,24,0,0,59,0,0,5,0,66,18,8,0,0
Chaf@slrpnk.net,340,0,0,5,0,131,0,0,0,16,4,0,35,0,0,26,93,6,35,55,0,0,3,0,0,0,68,3,7,1,0,0,0,0
caos@plasmatrap.com,0,2,16,179,78,1,0,0,133,22,297,119,38,0,0,0,0,0,0,9,0,89,217,64,0,1,0,13,3,7,0,0,19,0
bonn2@lemmy.zip,7,0,0,0,0,0,0,0,0,0,0,0,0,0,0,0,0,0,0,0,0,0,0,0,0,0,0,0,0,0,0,0,0,0
cogh@toast.ooo,181,0,0,1,0,2,0,0,0,5,0,0,0,0,0,0,0,0,0,0,0,0,0,0,0,0,0,0,4,65,4,3,0,0
poVoq@slrpnk.net,69,0,0,0,0,1,0,0,0,0,12,0,62,0,0,0,31,0,0,0,0,0,11,0,0,0,0,0,1,29,0,0,0,0
Yaishang@toast.ooo,23,53,181,102,38,1,72,119,134,150,29,27,20,2,17,38,99,200,101,8,0,3,0,0,1,0,0,2,10,6,117,83,4,11
rimu@piefed.social,24,0,0,0,0,19,0,0,0,0,0,0,0,0,0,64,7,0,0,0,9,2,181,0,0,0,0,0,0,0,0,0,0,0
matelt@feddit.uk,288,4,0,0,31,23,0,0,0,0,316,11,34,0,3,17,108,0,0,12,247,10,76,86,6,24,45,147,74,83,0,0,0,0
wannabe_alarmist@mastodon.social,879,12,11,5,132,357,0,0,6,0,0,26,57,0,20,121,76,11,8,5,16,49,72,72,1,11,0,8,3,62,12,6,0,25
troler@mastodon.online,69,110,35,157,254,50,62,21,0,2,34,0,0,14,0,1,68,0,0,1,4,0,49,0,1,0,0,0,0,3,0,0,7,39
null@piefed.social,633,1,6,0,0,24,0,0,0,0,0,0,0,0,0,0,0,0,0,0,0,0,2,0,0,0,0,0,0,0,0,0,0,0
ktrain5369@mastodon.social,0,0,0,0,0,0,101,0,0,0,0,0,0,0,0,0,0,0,0,0,0,0,0,0,0,0,0,0,0,0,0,0,0,0
rikiwilkins@toast.ooo,322,0,3,7,29,32,0,3,1,2,0,0,0,2,0,0,0,0,0,0,0,0,0,79,19,10,28,0,0,0,1,0,0,38
buhbruh@mastodon.social,16,0,12,22,11,65,34,15,7,0,0,0,0,0,0,0,12,30,8,0,0,0,9,6,0,0,0,0,30,0,1,0,0,0
andrewrgross@slrpnk.net,0,0,0,0,0,0,0,0,0,1,0,0,0,0,0,0,0,0,0,0,0,0,0,0,1,0,0,0,0,0,0,0,0,0
Asinus@feddit.org,214,0,0,0,0,0,0,0,0,96,22,0,0,0,0,0,0,0,0,0,0,0,0,0,0,0,0,0,0,8,0,0,0,0
Green21Black@toast.ooo,2,46,67,3,22,111,0,0,41,63,42,0,13,21,0,0,0,0,91,106,72,129,1017,258,20,39,70,30,7,43,122,0,82,33
Sly2@lemmy.world,90,0,0,0,37,101,1,1,1,2,0,1,6,1,1,8,1,83,0,2,2,31,36,1,1,2,1,1,2,12,1,1,0,1
Gainsburnie@lemmy.world,211,0,0,0,0,79,0,0,0,0,3,0,12,0,0,0,0,0,0,0,0,192,0,11,0,0,0,0,0,16,0,0,0,1
DarkalVN@mastodon.social,143,21,7,9,16,65,33,55,2,12,7,4,13,30,17,21,49,7,1,4,0,3,3,0,0,0,0,0,1,6,0,9,0,1
leonidloew@schach.social,0,0,0,0,0,0,0,0,0,0,110,0,6,0,0,0,0,0,0,0,0,0,0,312,0,0,0,0,0,0,0,0,0,0
tuvie@toast.ooo,188,53,0,0,360,398,0,0,0,0,0,0,0,0,0,0,0,0,0,0,0,0,0,0,0,0,0,0,0,0,0,0,0,0
joeljoelle@piefed.blahaj.zone,278,40,0,2,6,120,3,13,1,90,64,45,337,10,0,15,22,0,0,2,324,163,23,104,205,137,94,214,22,54,0,0,0,118
monkeyFromTheLake@programming.dev,45,0,24,1,25,27,0,0,0,0,8,0,1,0,0,2,27,4,0,0,0,0,0,0,0,0,0,0,0,183,64,0,0,0
Coda@toast.ooo,2363,2,2,0,0,6,0,1,0,0,0,0,0,0,0,0,0,12,0,0,0,1,2,12,27,6,0,0,0,62,8,5,0,8
pokeman@piefed.zip,113,0,0,0,0,103,0,0,0,0,1,0,5,16,0,0,0,0,0,0,29,0,2,0,22,4,0,0,0,62,30,23,67,40
nondanya@mastodon.social,0,0,0,0,0,0,0,0,0,0,0,0,0,0,207,44,117,0,0,0,0,0,0,0,0,0,0,0,0,0,0,0,0,0
theophaniagold@multiverse.soulism.net,36,1,218,3,0,22,0,0,0,0,0,0,0,0,0,27,20,0,0,0,0,5,0,0,6,0,0,0,6,0,0,0,0,2
alpine_jim@piefed.social,46,178,13,39,46,39,25,12,53,5,51,4,27,24,0,54,0,0,40,13,11,33,58,110,17,14,4,4,0,17,4,6,0,29
Gelidity@toast.ooo,224,0,0,1,1,320,0,0,0,1,9,3,35,0,0,12,0,0,26,39,0,0,4,0,0,0,7,11,0,0,0,0,0,5
Kralle_666@toast.ooo,3,0,23,7,0,0,21,0,1,4,6,0,21,0,0,0,4,5,0,0,0,0,0,0,0,11,0,0,0,0,0,0,0,6
HarveyJK@toast.ooo,536,0,0,0,0,0,0,0,0,0,0,0,0,0,0,0,0,0,0,0,0,0,0,0,0,0,0,0,0,33,0,0,0,0
EtheriousNight@kbin.earth,434,0,0,1,0,0,0,0,0,7,6,0,21,3,0,0,0,0,0,0,0,0,0,2,0,0,0,0,0,0,2,0,0,0
squirrel@cake.kobel.fyi,213,0,0,0,0,0,227,0,0,33,651,352,329,0,0,0,0,0,0,0,147,0,0,62,0,0,3,75,0,181,0,0,0,0
antrosapien@lemmy.ml,0,0,0,0,0,0,0,0,0,0,0,0,0,0,0,14,0,0,29,22,0,0,0,0,0,0,0,0,0,0,0,0,0,0
bottleofchips@lemmy.blahaj.zone,0,0,0,0,0,0,0,0,0,0,0,0,0,0,0,0,0,0,0,0,35,0,0,0,0,0,0,28,0,0,0,0,0,0
molo@toast.ooo,87,0,0,0,0,22,0,0,0,0,0,0,0,0,0,0,0,0,0,0,0,0,0,0,0,0,0,0,1,16,1,0,0,0
totientfunction@mathstodon.xyz,0,0,0,0,0,0,0,0,0,0,0,0,6,0,0,0,0,0,0,0,8,0,3,0,2,0,0,7,0,0,0,0,0,0
truescript@mastodon.social,33,25,67,104,37,179,73,85,66,21,24,16,2,0,6,17,11,11,39,128,27,20,28,21,0,0,2,0,1,37,69,47,2,0
AceroHombre@mastodon.social,129,91,119,95,22,4,43,39,97,60,10,23,37,0,0,63,162,122,19,0,2,50,0,0,37,0,0,42,24,71,12,6,0,0
kossu@toast.ooo,6,0,0,0,17,0,194,25,5,0,0,0,0,0,0,0,0,0,0,0,0,17,0,0,0,0,0,0,0,12,0,0,0,0
Lio@lemmy.world,7,0,0,0,0,681,9,0,0,26,3,122,53,0,0,0,105,0,0,0,0,0,14,0,0,0,0,4,0,41,0,0,2,0
Shelley@lemmy.world,9,0,0,0,8,1013,7,21,12,58,0,53,235,0,0,0,17,8,0,0,0,0,70,0,0,3,0,18,1,54,16,20,0,1
Cowl@toast.ooo,547,1,0,1,8,16,1,6,0,0,1,0,11,8,0,0,0,0,0,0,0,0,0,36,160,16,20,6,0,59,7,1,0,50
quantumvoid0@programming.dev,22,0,0,0,0,0,0,0,0,0,0,0,0,0,0,0,0,0,0,0,0,0,0,0,0,0,0,0,0,0,0,0,0,0
Grug@toast.ooo,0,0,0,0,0,0,0,1,0,3,10,7,69,0,0,0,3,1,0,0,0,0,0,0,0,0,0,0,0,0,0,0,0,0
AlbertUnruh@tech.lgbt,9,13,3,31,37,185,15,0,8,47,65,82,12,0,0,6,0,3,17,8,37,40,175,110,44,0,0,0,0,154,0,0,0,68
datendetektivin@mk.absturztau.be,2,25,50,54,61,1,0,3,58,21,84,63,64,0,0,0,0,0,15,4,0,122,592,155,0,0,0,15,0,0,0,0,13,0
kepii@lemmy.world,144,0,0,0,41,92,0,0,0,8,45,18,40,0,4,29,5,33,6,7,12,8,27,11,18,8,11,21,0,18,0,0,11,44
Mizik@toast.ooo,83,0,0,0,0,9,0,0,0,0,0,0,0,0,0,0,0,0,0,0,0,0,0,0,0,0,1,0,0,0,0,11,0,0
Staden@pawb.fun,208,348,42,1,31,74,0,0,2,127,1,0,135,74,0,18,0,0,0,0,347,177,10,0,0,1,0,83,0,63,15,19,241,3
artwork@lemmy.world,255,0,1,2,1,2,0,0,23,20,32,15,418,12,0,0,0,6,0,0,0,0,0,10,0,0,0,0,0,284,0,0,51,0
Kenji_Nikolaev@nikolaev-sh.ru,0,0,0,3,37,0,0,0,0,0,0,26,19,6,0,0,9,0,0,0,4,0,0,0,0,19,0,0,0,104,0,0,0,0
Narso@toast.ooo,213,142,11,5,62,0,187,333,45,0,0,0,0,0,0,0,0,0,0,0,0,222,0,0,139,0,0,0,208,1,0,0,0,0
dust_accelerator@discuss.tchncs.de,20,0,0,0,0,1,0,0,1,34,11,0,18,0,0,0,0,0,0,0,0,6,3,0,1,0,1,0,0,30,0,0,0,0
ViciousTracker@mastodon.social,39,21,1,0,0,0,11,0,2,0,0,21,16,0,2,29,32,63,0,0,0,28,6,0,20,0,0,0,0,12,0,12,0,0
Munkisquisher@lemmy.nz,0,5,3,0,0,37,0,0,0,0,0,0,342,0,17,91,5,0,0,1,0,238,440,0,0,0,0,0,1,12,14,0,0,4
StevusChrist@lemmy.zip,0,0,0,0,0,0,0,0,0,0,0,0,0,0,0,0,0,0,0,0,3,0,0,0,0,0,0,0,0,0,0,0,0,0
You@feddit.org,99,0,0,0,0,19,0,0,0,114,411,34,68,0,0,0,0,0,0,0,3,0,0,65,0,0,0,38,0,5,0,0,0,0
sjmarf@sh.itjust.works,5,0,0,0,0,0,0,0,0,0,0,0,0,0,0,0,0,0,0,0,0,0,0,0,0,0,0,0,0,0,0,0,0,0
jamesrandi@lemmy.zip,257,0,6,27,8,77,0,0,0,0,5,4,10,0,3,45,3,17,276,293,0,0,6,6,0,2,355,186,0,0,0,0,0,8
zen@lemmy.zip,14,0,0,0,0,0,0,0,0,0,0,0,11,0,0,0,0,0,0,0,0,0,7,0,0,0,0,0,0,0,0,0,0,0
WKDA@wehavecookies.social,69,0,0,11,79,9,20,0,0,10,24,0,70,0,0,5,0,1,4,0,62,9,40,0,22,0,0,12,12,235,6,0,1,159
Zafkiel@kbin.earth,176,0,5,9,3,15,0,0,0,0,0,0,126,0,0,0,0,0,0,0,125,0,0,0,0,0,0,0,0,0,0,94,0,0
dark_disciple@toast.ooo,49,1,21,20,8,0,32,61,3,0,0,61,0,0,1,15,13,1,16,0,11,41,10,109,0,0,0,0,21,36,0,0,0,13
LeFrog@discuss.tchncs.de,185,34,54,173,67,130,16,0,0,0,44,80,134,23,73,29,42,27,0,0,28,2,9,18,9,36,0,22,0,252,2,1,0,0
mischk@bunt.social,1,0,0,0,0,0,0,0,0,0,0,0,0,0,0,0,0,0,0,0,0,0,0,0,0,0,0,0,0,0,0,0,0,0
Muehe@lemmy.ml,97,0,1,0,1,22,0,0,0,31,5,16,44,9,14,25,545,1,0,2,14,8,7,1,14,9,0,22,0,76,8,0,0,5
Ketta@toast.ooo,24,0,1,2,7,11,2,2,0,0,0,4,6,3,0,0,0,0,0,0,0,0,0,0,18,0,0,0,0,8,0,0,0,19
Cattail@mastodon.social,0,0,0,0,0,0,1,0,0,0,0,0,0,0,0,0,0,0,0,4,0,0,0,0,0,0,0,0,0,0,0,0,0,0
simpliston@programming.dev,141,1,1,1,73,23,0,0,174,0,0,0,241,0,0,14,0,0,0,0,0,5,0,11,0,0,76,62,0,0,0,0,0,0
livligkinkajou@slrpnk.net,145,0,8,0,0,1,0,3,8,2,1,2,16,0,0,0,50,7,0,0,0,0,0,0,15,113,1,0,17,11,2,0,0,0
mytchj@lemmy.world,34,0,0,0,0,31,0,0,0,12,0,51,45,0,0,52,0,0,0,0,3,0,69,0,71,0,0,10,0,16,2,0,2,0
NaibofTabr@infosec.pub,0,0,0,0,0,0,0,0,5,0,1,0,18,5,4,8,368,0,0,0,1,1,0,1,0,1,1,0,0,4,0,2,2,0
Pokomams@mamot.fr,0,0,0,0,0,32,0,0,0,0,0,0,0,0,0,0,0,0,203,0,34,156,0,104,0,0,0,0,0,0,0,0,0,0
62ch_@misskey.id,0,99,0,0,0,3,0,0,0,0,0,0,0,0,0,0,0,0,0,0,0,0,0,0,0,0,0,0,0,0,0,0,0,0
embit@feddit.org,344,0,0,0,0,67,0,0,0,0,0,0,0,0,3,4,17,8,0,0,7,0,83,12,0,0,0,0,0,12,0,0,0,0
reallykindasorta@slrpnk.net,36,1,60,60,67,117,124,11,0,13,2,2,14,87,1,16,323,3,0,5,221,13,0,0,7,43,49,79,68,16,4,0,12,3
simpliston_linux@programming.dev,16,0,0,0,15,8,0,0,33,0,0,0,240,0,0,0,0,0,0,0,0,5,0,11,0,0,63,46,0,0,0,0,0,0
solo@slrpnk.net,15,0,0,0,0,0,0,0,0,0,0,0,0,0,0,0,13,0,0,0,0,0,0,0,0,0,0,0,0,0,0,0,0,0
kokomo@reddit.kokomo.cloud,0,0,0,12,0,1,0,0,15,5,0,24,0,0,0,0,0,0,0,0,0,3,0,10,0,0,0,0,0,0,0,0,0,0
Avicenna@programming.dev,197,0,2,0,31,171,0,0,0,3,12,17,164,0,0,7,0,44,0,0,6,2,163,0,2,0,0,0,0,10,0,0,0,0
tripplehelix@tech.lgbt,0,0,0,0,6,0,0,0,0,0,3,0,35,0,53,151,0,0,0,0,0,3,0,0,0,0,0,0,0,0,0,0,0,0
terradragon@slrpnk.net,78,34,0,0,0,0,0,0,0,0,0,0,2,0,0,0,185,0,0,0,0,0,0,0,0,0,0,0,0,0,0,0,0,0
Ironkirby1331@lemmy.world,95,0,0,0,4,2,0,0,0,0,0,8,7,0,0,0,0,0,0,0,0,0,0,0,0,0,0,0,0,20,0,0,0,0
Speedforce@multiverse.soulism.net,103,18,26,16,6,181,0,0,0,0,2,5,8,0,0,65,13,0,0,0,3,2,2,0,0,1,0,0,0,50,1,23,0,6
benjirenji@slrpnk.net,0,0,0,0,0,1,0,0,0,0,0,0,79,0,0,0,0,0,0,0,0,8,0,0,0,0,0,0,0,0,0,0,0,383
DosDude@retrolemmy.com,0,0,0,0,0,0,0,0,0,0,0,0,0,0,0,0,0,0,0,0,0,0,2,0,0,0,0,0,0,0,0,0,0,0
myrmidex@belgae.social,2,0,0,0,5,0,0,0,0,0,6,0,6,0,0,0,0,2,0,0,17,0,0,0,0,0,0,8,0,6,5,0,0,32
gegil@sopuli.xyz,0,0,0,0,0,0,0,0,0,0,0,0,0,0,0,0,0,0,0,0,3,0,0,0,0,0,0,0,0,0,0,0,0,0
brainoid@toast.ooo,54,32,50,32,29,0,0,0,0,0,3,111,0,0,0,0,57,28,0,3,139,24,16,19,0,0,0,0,0,0,31,26,84,0
devaly@ani.social,0,7,55,0,3,13,4,6,5,0,0,0,0,0,0,0,0,0,0,0,0,4,0,0,0,0,0,0,0,0,2,3,0,0
TommyExogenie@toast.ooo,6,0,0,0,0,6,24,12,11,48,0,0,8,0,0,0,0,0,0,0,0,0,0,14,185,7,0,0,0,4,0,0,52,68
berty@feddit.org,16,8,10,4,11,15,1,6,11,1,6,17,36,14,38,75,7,0,1,1,13,9,17,14,20,8,2,12,32,15,10,0,0,9
h3ndrik@piefed.social,21,0,63,0,0,3,0,0,0,172,18,8,12,0,0,16,0,0,0,0,0,18,81,251,0,0,0,0,0,0,0,0,0,0
SiriusBlack12@mastodon.social,0,0,0,2,0,0,129,5,0,0,5,0,0,0,0,0,6,0,0,0,0,0,0,0,0,0,0,0,0,0,0,0,0,0
QuiLL@toast.ooo,44,0,0,0,0,0,0,0,0,0,100,27,0,0,0,0,0,0,0,0,0,1,0,0,0,5,0,0,0,0,0,0,0,22
e8CArkcAuLE@piefed.social,0,0,0,0,0,8,0,0,0,0,0,0,0,0,0,0,0,0,0,0,0,0,0,3,0,0,0,0,0,0,0,0,0,0
SisterZanzi@lemmy.world,748,33,3,5,35,58,0,3,5,3,0,2,9,8,2,11,0,0,1,0,0,2,0,26,130,26,2,4,0,35,20,0,0,97
nkk@programming.dev,103,0,5,13,7,10,0,0,16,12,5,20,24,0,0,0,4,0,0,0,17,0,35,2,0,0,0,12,0,8,0,0,0,3
JustJack23@slrpnk.net,206,0,0,0,0,2,0,0,0,0,0,0,9,0,0,0,6,1,0,0,55,108,0,0,0,0,0,0,16,0,0,0,0,0
TediousLength@lemmy.ca,47,18,0,0,0,50,0,0,0,3,4,14,38,0,0,0,0,0,3,6,124,191,0,4,1,0,199,360,0,7,0,2,0,50
Fermenade@feddit.org,163,0,0,0,0,7,0,0,1,34,34,114,204,0,0,23,2,0,0,0,0,0,96,12,0,0,0,0,0,0,0,0,2,0
SynKatz@feddit.org,131,0,0,0,0,5,0,0,2,72,451,146,277,0,0,11,0,0,0,0,0,0,1,65,0,0,0,0,37,0,0,0,98,0
kernelle@lemmy.dbzer0.com,0,0,0,0,0,0,0,0,0,0,0,0,0,0,0,0,0,0,0,0,0,0,0,0,0,0,0,0,0,2,0,0,0,0
Panda4X4@feddit.org,3,0,0,0,0,0,0,0,0,0,0,0,0,0,0,0,0,0,0,0,0,0,0,0,0,0,0,0,0,0,0,0,0,0
beastranger@pawb.social,170,11,5,1,6,291,0,0,0,10,1,2,14,37,0,1,0,0,0,0,388,21,0,0,1,3,0,22,0,13,6,0,1,0
snoons@piefed.ca,6,0,0,0,0,0,0,0,0,0,0,0,0,0,0,0,0,13,0,0,0,1,0,0,0,0,0,1,0,7,0,0,0,0
CaptainBasculin@lemmy.dbzer0.com,0,0,0,0,0,0,0,0,0,0,0,0,0,0,0,0,0,0,0,0,0,0,0,0,0,0,0,0,0,71,0,0,0,0
m1k3y@troet.cafe,144,0,0,0,0,4,0,0,0,20,15,20,46,0,0,6,20,0,0,0,6,0,7,42,1,0,0,0,0,11,0,0,0,0
m_f@discuss.online,0,0,0,1,13,5,0,0,0,0,0,0,0,43,0,46,58,2,0,1,23,22,29,52,0,0,0,0,0,0,0,0,0,0
johnnythan@tuebingen.network,45,0,0,0,0,0,0,0,0,0,0,0,0,0,0,0,0,0,0,0,0,0,0,0,0,0,0,0,0,0,0,0,0,0
aitji@toast.ooo,0,56,16,1,0,6,36,127,0,7,0,0,0,0,0,0,0,15,0,0,0,0,0,0,0,30,0,0,7,0,6,1,0,0
GerardsGuitar@retrolemmy.com,0,0,0,29,155,8,0,0,0,15,0,0,1,0,0,0,14,0,0,0,15,0,0,0,0,0,0,14,0,0,50,1,4,0
nemopy@lemmy.zip,22,0,2,2,18,4,0,0,0,1,0,0,0,0,0,0,3,0,0,0,6,0,0,1,0,0,0,0,3,14,4,26,0,0
tburkhol@slrpnk.net,52,0,0,0,0,1,0,0,0,11,0,6,32,0,0,18,13,0,0,0,0,0,0,1,0,0,0,6,0,0,0,0,0,0
deathbyprograms@mastodon.social,26,36,14,19,1,11,52,27,40,20,0,0,17,0,1,32,18,12,6,0,4,1,0,0,0,0,0,1,4,78,8,5,3,0
RedSeries@lemmy.blahaj.zone,0,0,0,0,0,61,0,0,0,0,0,0,0,0,0,0,5,0,0,0,0,0,0,0,0,0,0,0,0,0,0,0,0,0
mewtiful@app.wafrn.net,0,0,0,0,0,0,0,0,0,0,0,0,0,0,6,0,0,0,0,0,0,0,0,0,0,0,6,0,0,0,0,0,0,9
honeyquill@toast.ooo,123,0,0,0,0,0,0,0,0,0,0,0,0,0,0,0,0,0,0,0,0,0,0,0,0,0,0,0,0,6,0,0,0,0
5moufl@mamot.fr,0,0,0,0,0,0,0,0,0,0,0,0,1,0,0,0,0,0,0,0,0,0,2,0,0,0,0,0,0,0,0,0,0,0
oleccy@mastodon.social,28,28,7,16,0,56,102,14,60,25,0,0,2,0,6,28,47,82,0,0,4,1,0,0,0,8,0,2,1,39,5,7,10,0
rCX12@piefed.social,0,0,0,0,0,0,0,0,0,0,0,0,0,0,0,0,0,0,0,0,0,0,9,0,0,0,0,0,0,0,0,0,1,0
Seatri@sh.itjust.works,116,8,8,0,11,16,0,0,0,0,0,0,0,0,0,0,0,0,0,0,135,0,0,0,0,0,0,0,0,0,0,0,0,6
commie@lemmy.dbzer0.com,48,0,0,0,0,0,0,0,0,0,0,0,0,0,0,0,0,0,0,0,0,0,0,0,0,0,0,0,0,0,0,0,0,0
BevsDad@lemmy.ca,2,1,5,1,9,1,0,0,0,0,0,0,10,0,0,0,2,27,0,0,0,0,3,16,0,0,0,0,0,22,0,0,0,0
SirAeron@toast.ooo,295,34,7,0,0,7,0,0,4,10,8,0,1,0,0,2,21,8,0,0,6,28,14,3,6,2,25,0,0,7,9,0,14,19
JerryMerweather@piefed.social,0,0,0,0,17,1,0,0,0,0,0,0,0,0,0,0,0,9,0,0,0,15,0,0,0,0,0,0,0,0,0,0,9,0
blenderdumbass@mastodon.online,0,246,5,8,42,4,0,0,0,0,4,0,0,78,0,0,0,0,0,0,6,0,0,10,0,0,0,0,0,5,0,0,0,0
faythofdragons@slrpnk.net,17,0,0,0,0,13,30,2,0,11,0,1,62,64,3,50,99,39,0,19,43,38,10,0,5,1,1,22,51,0,0,0,1,0
thoughtfuldragon@lemmy.blahaj.zone,107,0,0,0,0,28,0,0,0,0,27,0,136,0,0,1,63,0,0,0,0,2,0,31,106,0,0,0,0,4,0,0,0,31
avidamoeba@lemmy.ca,0,0,0,0,0,0,0,0,0,0,0,0,0,0,0,0,0,0,0,0,0,0,0,0,0,0,0,0,0,2,0,0,0,0
Igris@feddit.org,5,0,0,0,0,0,0,0,0,0,0,0,0,0,0,0,0,0,0,0,0,0,0,0,0,0,0,0,0,0,0,0,0,0
Manalith@midwest.social,0,0,0,0,0,0,0,0,0,0,0,0,0,0,0,0,0,0,0,0,0,0,0,0,0,0,0,0,0,0,0,0,0,3
widecurio64@fe.disroot.org,34,0,30,0,0,6,0,0,0,0,0,0,11,0,0,0,45,3,0,4,0,0,0,6,0,0,0,37,0,16,2,0,0,0
wiseguy@piefed.social,0,0,0,0,0,0,0,0,0,0,0,0,3,0,0,0,0,0,0,0,0,0,0,0,0,0,0,0,0,0,0,0,0,0
asdasd201@lemmygrad.ml,0,0,0,0,2,0,0,0,0,0,0,0,0,0,0,0,1,0,0,0,0,0,0,0,0,0,0,0,0,0,0,0,0,0
thakur0@lemmy.zip,26,0,0,0,0,0,0,0,0,0,0,0,0,4,0,0,0,0,0,0,0,0,0,0,0,0,0,0,0,17,0,0,0,0
Cerothen@lemmy.ca,0,0,0,0,0,0,0,0,0,0,0,0,0,0,0,0,0,0,0,0,0,0,0,0,0,0,0,0,0,9,0,0,0,0
buckBelette@jlai.lu,0,0,0,0,0,0,0,0,0,0,0,0,0,0,6,0,0,0,0,0,0,0,0,0,0,0,0,0,0,0,0,0,0,0
Rentlar@lemmy.ca,0,0,0,0,0,0,0,0,0,0,0,0,5,0,0,0,4,0,0,0,1,0,0,0,0,0,0,0,0,0,0,0,0,0
crudy555@lemmy.world,35,0,0,0,0,0,0,0,0,0,0,0,26,0,0,0,24,0,0,0,0,0,0,0,0,0,0,0,0,0,0,0,0,0
otto@feddit.org,6,0,0,0,0,0,0,0,0,2,32,0,40,0,0,9,0,0,0,0,0,0,0,0,0,0,0,0,0,0,0,0,0,0
Ccat903@mastodon.social,23,3,4,0,0,1,0,0,1,0,0,5,6,0,4,2,3,9,3,0,0,0,2,5,0,0,0,0,0,2,0,0,0,0
Manodor@feddit.org,0,0,0,0,0,2,0,0,0,0,0,0,0,0,3,0,0,0,0,0,0,0,0,17,12,17,0,0,0,0,0,0,0,15
SirHaxalot@nord.pub,0,0,0,0,0,0,0,0,0,0,0,0,1,0,0,0,0,0,0,0,0,0,0,0,0,0,0,0,0,0,0,0,0,0
Drukob@feddit.org,1,0,0,0,0,0,0,0,0,0,54,0,1,0,0,0,0,0,0,0,0,0,0,103,0,0,0,0,0,0,0,0,0,0
haphamur@toast.ooo,84,17,0,14,88,10,40,59,29,6,141,0,2,1,1,1,1,2,0,11,5,2,52,314,0,0,0,3,81,82,3,11,0,31
HoofTube@mastodon.social,0,0,0,0,0,0,0,0,0,0,0,13,0,0,32,0,0,0,0,0,0,5,0,0,0,0,2,0,0,24,0,0,0,0
manuremy@sopuli.xyz,0,0,0,0,0,0,0,0,0,0,0,0,0,0,0,0,1,0,0,0,0,0,0,0,0,0,0,0,0,0,0,0,0,0
Sirius006@sh.itjust.works,31,0,0,0,3,0,0,0,0,0,0,0,0,6,0,0,6,0,0,0,0,0,6,0,0,0,0,0,0,2,0,0,0,0
esc27@piefed.social,0,0,0,0,0,0,0,0,0,0,0,0,0,0,0,0,0,0,0,0,1,0,0,0,0,0,0,0,0,0,0,0,0,0
ItTakesTwo@feddit.org,120,0,1,1,1,571,0,0,0,46,9,0,0,0,0,0,0,0,11,15,0,0,0,27,0,0,0,0,0,0,0,0,0,0
foxxy_flauschefuchs@feddit.org,0,0,0,0,0,0,0,0,0,0,0,0,57,0,0,0,0,0,0,0,0,0,0,0,0,0,0,0,0,0,0,0,0,0
freeman@feddit.org,0,0,0,0,0,21,0,0,0,0,0,0,0,0,0,0,0,0,0,0,0,0,0,0,0,0,0,0,0,87,0,0,0,0
toottheguy@toast.ooo,57,0,0,0,0,0,0,0,0,0,0,24,0,0,0,0,0,0,0,0,0,0,0,0,0,0,0,0,0,0,0,0,0,1
Synthuir@programming.dev,0,0,0,0,0,0,0,0,0,0,0,0,0,0,0,0,0,0,0,0,0,0,1,0,0,0,0,0,0,0,0,0,0,0
Smash@lemmy.self-hosted.site,0,0,0,0,0,0,0,0,0,0,30,9,3,0,0,0,0,0,0,0,0,0,0,0,0,0,0,0,1,6,0,0,0,0
Elting@piefed.social,0,0,0,0,0,0,0,0,0,0,0,0,0,0,0,0,0,0,0,0,0,0,18,0,0,0,0,0,0,0,0,0,0,0
frog@toast.ooo,72,0,0,0,0,1,0,0,0,6,0,13,0,0,2,37,15,26,0,11,3,0,2,0,0,2,0,0,6,0,1,0,0,0
ChilledPeppers@lemmy.dbzer0.com,0,0,0,0,0,0,0,0,0,0,0,1,0,0,0,0,0,0,0,0,0,0,0,0,0,0,0,0,0,0,0,0,0,0
manxu@piefed.social,11,0,0,0,0,19,0,0,0,0,0,0,3,0,0,0,9,0,0,0,0,0,9,0,0,0,0,0,0,0,0,0,0,0
SandwichesAreNice@lemmy.world,133,20,0,0,0,31,22,17,0,8,0,0,115,0,0,0,15,0,0,0,0,0,12,0,0,0,0,6,2,7,5,0,0,0
Foni@piefed.zip,0,0,0,0,0,0,0,0,0,0,0,0,45,0,0,0,0,0,0,0,0,0,0,0,0,0,0,0,0,86,0,0,0,0
0ops@piefed.zip,3,0,0,0,0,0,0,0,0,0,0,0,92,0,0,0,0,0,0,0,43,0,1,0,0,0,0,0,0,0,0,0,0,0
notso@feddit.org,0,0,0,0,0,0,0,0,0,0,56,0,0,0,0,0,0,0,0,0,0,0,0,0,0,0,0,0,0,0,0,0,0,0
NicoCharrua@wetdry.world,17,0,1,0,0,2,0,5,0,0,0,0,11,0,0,0,0,0,0,0,0,6,6,0,6,0,1,0,0,7,0,0,0,1
MrIamsosmrt@feddit.org,0,0,0,0,0,0,0,0,0,0,0,0,0,0,0,0,0,0,0,0,0,0,4,0,0,0,0,0,0,0,0,0,0,0
future@toast.ooo,7,0,0,0,0,0,0,0,0,0,1,0,0,0,0,0,0,4,0,0,0,0,18,0,0,0,0,0,0,0,0,0,0,0
Shi@troet.cafe,92,0,0,0,0,0,0,0,0,0,43,20,32,1,0,24,0,0,0,0,0,0,41,0,0,0,0,0,0,7,0,1,0,0
FormallyKnown@feddit.dk,0,0,0,0,0,0,0,0,0,0,0,0,0,0,0,0,0,0,0,0,0,0,0,0,0,48,0,0,0,0,0,0,0,0
herrthees@wue.social,40,0,0,0,0,0,0,0,0,117,0,9,0,0,0,0,0,0,0,0,0,0,0,10,0,0,0,0,0,0,0,0,0,0
Goodlucksil@social.tchncs.de,0,0,0,0,0,0,0,0,0,0,0,0,1,0,0,0,0,0,0,0,0,1,0,0,0,0,0,0,0,0,0,0,0,0
enbee_emi7272@zug.network,3,0,0,0,0,0,0,0,0,0,0,0,0,0,0,0,0,0,0,0,0,0,0,0,0,0,0,0,0,0,0,0,0,0
logannic@sh.itjust.works,0,26,31,6,16,9,0,6,0,0,0,7,16,0,0,68,0,0,0,0,0,16,129,22,0,0,0,0,0,32,5,0,0,112
alehc@slrpnk.net,12,0,0,0,6,2,0,0,32,0,0,0,0,0,0,0,0,0,0,0,0,0,0,0,0,0,0,0,0,0,0,0,23,0
ferskam@feddit.org,0,0,0,0,0,3,0,0,0,0,0,2,0,0,0,0,0,0,0,0,0,0,0,0,0,0,0,0,0,1,0,0,0,0
Vengefu1Tuna@lemmy.zip,18,18,26,17,6,0,0,0,0,0,0,0,0,0,0,0,0,0,0,0,5,0,0,4,0,0,0,0,0,0,6,0,0,0
hummy_bee@mander.xyz,0,0,0,0,0,0,0,0,0,0,0,0,0,0,0,0,0,3,0,0,0,0,0,0,0,0,0,0,0,0,0,0,0,0
UmutKzl@lemmy.cafe,0,0,0,0,0,0,0,0,0,0,0,0,0,0,0,0,0,0,0,0,0,0,1,0,0,0,0,0,0,0,0,0,0,0
kaitmm@programming.dev,42,0,0,0,20,0,2,0,0,0,7,0,6,0,0,0,9,0,0,8,32,0,1,0,0,0,0,0,0,0,0,0,0,16
YiddishMcSquidish@lemmy.today,9,0,0,0,0,0,0,0,0,0,0,0,0,0,0,0,0,0,0,0,0,0,0,0,7,0,1,0,0,0,0,0,0,1
Skysurfer@slrpnk.net,181,12,1,2,0,0,0,15,0,26,0,0,0,0,0,0,0,0,0,0,4,0,5,0,0,0,0,0,38,38,0,11,0,0
henriettehauser@lemmy.world,13,0,0,1,22,47,0,0,0,0,0,0,19,0,13,10,93,2,0,7,0,0,6,0,0,0,3,2,44,53,0,0,0,0
Bysmuth@lemmy.zip,0,0,8,0,0,0,0,0,0,0,0,0,0,0,0,0,0,0,0,0,0,0,4,0,0,0,0,0,0,0,0,0,0,0
w00t@lemmy.ml,45,8,0,0,0,1,0,0,0,0,0,0,2,0,0,0,0,0,0,0,0,0,0,0,0,0,0,1,0,21,0,0,0,0
aikhae@social.eike.in,0,0,0,0,5,0,0,0,0,1,0,0,0,0,0,0,0,0,0,0,0,0,0,0,0,0,0,7,7,107,2,0,0,0
beernutz@lemmy.zip,0,0,0,0,0,31,0,0,0,0,0,0,0,0,0,0,0,0,0,0,0,0,0,0,0,0,0,0,0,0,0,0,0,0
forbiddencherry@lemmy.today,0,0,0,0,0,3,0,0,0,0,0,6,0,0,0,2,0,0,0,0,0,0,0,0,0,0,0,29,0,0,0,0,0,0
vogi@piefed.social,2,0,0,0,0,0,17,0,1,10,6,2,3,0,0,0,0,0,0,0,0,0,29,0,0,0,0,0,0,19,0,0,0,0
oldperl@mastodon.online,0,0,0,0,0,0,0,0,0,0,8,0,15,0,0,0,0,0,0,0,0,0,3,0,0,0,0,0,0,0,0,0,0,0
IndianaAnimates@toast.ooo,0,0,0,0,0,1,0,0,0,0,2,0,0,0,0,0,0,0,0,0,0,0,0,0,0,0,0,0,0,0,0,0,0,0
lycalopex@sh.itjust.works,0,0,0,0,0,0,0,0,0,0,0,0,0,0,0,0,0,0,0,0,0,89,0,0,0,0,0,0,0,0,0,0,0,0
Killercat103@slrpnk.net,6,0,0,0,0,3,0,0,0,0,0,0,0,0,0,0,0,0,0,0,0,2,0,0,0,0,0,0,0,79,0,0,0,0
chuckleslord@lemmy.world,1,0,0,0,0,6,0,0,0,0,0,0,1,0,0,64,5,25,0,0,0,1,0,0,0,0,0,0,0,0,0,0,0,0
late_pessimistic@slrpnk.net,0,0,0,0,0,0,0,0,0,0,0,0,0,0,0,0,0,0,0,0,0,0,0,0,0,0,0,0,2,0,0,0,0,0
Pitte@pan.rent,0,0,0,0,0,0,4,0,0,5,0,0,16,0,0,19,285,0,0,0,0,2,0,25,0,0,0,0,0,0,18,0,0,0
jontree255@lemmy.world,1,0,0,0,0,0,0,0,0,0,0,0,0,0,0,0,0,0,0,0,0,0,0,0,0,0,0,0,0,0,0,0,0,0
Pencilnoob@lemmy.world,7,45,0,0,0,0,0,0,0,0,0,0,0,0,0,0,0,0,0,0,0,0,4,3,0,0,0,0,0,66,0,4,0,0
sminkidinki@app.wafrn.net,0,0,9,20,1,0,0,0,7,0,0,0,0,0,0,0,0,0,0,0,6,10,0,19,0,0,0,2,28,0,0,0,0,6
picayune@lemmy.zip,0,0,0,4,0,46,0,0,0,0,0,0,0,0,0,0,7,0,0,0,0,0,42,0,0,0,0,14,0,6,0,0,0,0
SlicedOrange@feddit.uk,20,3,0,0,8,79,0,0,0,0,6,0,24,0,0,0,0,0,0,0,0,0,9,81,0,0,0,0,0,192,20,0,0,0
baconmonsta@piefed.social,7,3,0,0,0,4,0,0,0,0,0,0,0,0,0,0,0,0,0,0,0,0,0,0,0,0,0,0,0,0,0,0,0,0
zlatko@programming.dev,0,0,5,0,0,0,0,0,0,0,0,0,0,0,0,0,0,0,0,0,0,0,0,0,0,0,0,0,0,0,0,0,0,0
Catfishxll@toast.ooo,127,0,0,0,0,10,0,0,0,0,0,0,0,0,0,0,0,0,0,0,0,0,0,0,0,0,0,0,0,0,0,0,0,0
WrittenInRed@piefed.blahaj.zone,25,0,21,0,0,3,0,0,0,1,0,0,2,0,0,16,0,0,0,0,0,172,0,0,0,131,0,0,0,26,0,0,0,0
mogoh@lemmy.ml,0,0,0,0,0,0,0,0,0,0,0,0,0,0,0,0,0,0,0,0,0,1,0,0,0,0,0,0,0,0,1,0,0,0
Wildone@sh.itjust.works,95,85,0,0,8,138,0,0,0,4,45,0,28,0,0,0,0,12,0,0,0,0,3,0,0,0,0,0,0,15,0,0,20,0
HaruhiFan18@toast.ooo,0,3,0,0,0,0,0,0,0,0,0,0,0,0,0,0,0,0,0,0,42,2,0,0,0,0,0,0,0,0,0,0,0,0
boiert@boiert.eu,0,0,0,0,0,1,6,0,0,0,0,0,46,0,0,0,0,0,0,0,0,0,0,0,0,0,0,0,0,0,0,0,0,0
piece_of_white_bead@toast.ooo,51,0,0,0,0,0,0,0,0,0,0,22,0,0,0,0,1,0,0,30,0,0,0,0,0,0,0,0,0,0,0,0,0,0
NotoriousLiar@mastodon.social,18,0,0,0,0,14,0,0,0,1,3,0,2,0,0,0,0,0,0,0,0,0,0,0,0,0,0,0,0,26,0,0,5,0
ninjakai03@mastodon.social,0,0,0,0,0,0,12,2,0,0,0,0,0,0,0,0,0,0,0,0,0,0,0,0,0,0,0,0,0,0,0,0,0,0
LilithTheAngel@mastodon.social,15,9,3,0,0,0,5,2,26,17,0,7,1,0,0,16,9,11,0,3,0,4,0,0,2,18,0,0,14,22,3,0,11,0
Grandwolf319@sh.itjust.works,2,0,0,0,0,3,0,0,0,0,0,0,0,0,0,0,2,0,0,0,0,0,6,0,0,0,1,1,0,4,0,0,0,0
Wytch@lemmy.zip,7,0,0,0,0,0,0,0,0,0,0,0,0,0,0,0,0,0,0,0,0,0,0,0,0,0,0,0,0,0,0,0,0,0
oneser@lemmy.zip,6,0,0,0,0,2,0,0,0,0,0,0,0,0,0,0,0,0,0,0,0,0,0,0,0,0,0,0,0,2,0,0,0,0
1henno1@feddit.org,2,0,0,0,0,9,0,0,0,0,0,8,0,0,0,0,0,0,0,0,0,0,0,114,0,0,0,0,0,35,0,0,0,0
Tefno@toast.ooo,10,0,0,0,0,0,0,0,0,0,0,0,0,0,0,0,0,0,0,0,0,0,0,0,0,0,0,0,0,0,0,0,0,0
Vashtea@sh.itjust.works,5,0,0,0,0,0,0,0,0,0,0,0,0,0,0,0,0,0,0,0,0,0,0,0,0,0,0,0,0,0,0,0,0,0
toucansam@toast.ooo,0,0,0,0,0,5,0,0,0,0,0,0,0,0,0,0,0,0,0,45,0,0,0,0,0,0,0,0,0,0,0,0,0,0
GambitAnimating@bytes.programming.dev,0,0,0,8,1,0,0,0,0,1,0,0,0,0,0,0,0,0,0,0,0,0,0,0,0,0,0,0,31,0,5,0,0,0
Progamer@toast.ooo,14,11,20,0,0,3,0,16,41,0,0,0,0,0,3,6,19,0,0,1,0,0,0,0,0,0,0,0,0,0,0,0,0,0
riskiedingo@lemmy.world,2,0,0,0,0,0,0,0,0,0,0,0,0,0,0,0,0,0,0,0,0,0,0,0,0,0,0,0,0,0,0,0,0,0
spelledwrongdotuk@toast.ooo,77,2,3,0,0,0,47,43,93,14,0,0,0,0,0,6,0,0,0,0,0,0,0,5,0,0,0,0,15,4,0,0,0,0
blubbajubba@toast.ooo,4,0,0,0,0,0,0,0,0,0,0,39,0,0,0,0,0,0,0,0,0,0,0,0,0,0,0,0,0,0,0,0,0,0
EXPURGATE@toast.ooo,0,0,0,0,0,0,0,0,0,0,0,0,8,0,0,0,0,0,0,0,0,0,0,0,0,0,8,0,0,0,0,0,0,0
czhang03@mathstodon.xyz,0,0,0,0,0,0,1,0,0,0,0,0,0,2,0,7,1,0,0,0,0,0,14,0,0,0,0,0,0,0,0,0,0,0
inoxerable_doubt@hexbear.net,0,0,0,0,0,0,0,0,0,0,0,16,0,0,0,0,0,0,0,0,0,0,0,0,0,0,0,0,0,0,0,0,0,0
CelloMike@lemmy.world,0,0,0,0,0,0,0,3,0,0,0,2,0,0,0,0,0,0,0,0,0,0,0,0,0,0,0,0,0,0,0,0,0,0
credics@sh.itjust.works,0,0,0,0,0,0,0,0,0,0,6,0,0,0,0,0,0,0,0,0,0,0,0,0,0,0,0,0,0,0,0,0,0,0
goldn@mastodon.social,1,2,0,1,0,0,2,5,0,0,0,0,1,0,0,0,3,5,0,0,0,0,0,0,0,0,0,0,5,0,0,2,0,0
Susaga@sh.itjust.works,0,0,0,0,0,0,0,0,0,0,1,4,0,0,0,0,0,0,0,0,0,87,0,0,0,65,0,0,0,0,0,0,0,0
phtheven@lemmy.world,0,0,0,0,0,0,0,0,0,0,0,0,0,0,0,0,0,0,0,0,0,0,10,0,0,0,0,0,0,0,0,0,0,0
MrMobius@sh.itjust.works,0,0,0,0,0,0,0,0,0,0,0,0,0,0,0,0,2,0,0,0,0,1,0,0,0,0,0,0,0,0,0,0,0,0
gonkindroid@toast.ooo,37,0,0,0,0,0,0,0,0,0,0,23,0,0,0,0,0,0,0,3,0,0,0,0,0,0,0,0,0,0,0,0,0,0
Az_1@piefed.zip,0,0,0,0,0,0,0,0,0,0,0,0,0,0,0,0,0,0,0,2,0,0,0,0,0,0,0,0,0,0,0,0,0,0
db_null@lemmy.dbzer0.com,16,0,0,0,22,0,0,0,0,0,0,0,0,0,0,0,13,0,0,0,0,0,0,0,0,0,2,0,0,0,0,0,0,0
konata87@mastodon.social,23,0,0,0,0,0,0,3,0,0,0,8,4,0,0,5,0,0,0,0,0,0,0,0,0,0,0,0,0,0,0,0,0,0
GambitAnimating@toast.ooo,63,14,0,0,0,0,0,0,0,0,0,0,0,0,0,0,0,0,0,0,0,0,0,0,0,0,0,0,13,108,0,0,0,0
chefdano3@lemmy.zip,15,2,0,0,0,1,0,0,0,0,0,0,12,0,0,0,0,0,0,0,0,0,12,0,0,0,0,8,0,1,0,0,0,0
Tiresia@slrpnk.net,62,0,0,0,0,28,0,0,0,0,0,3,0,0,0,0,4,4,0,0,0,0,0,0,0,0,0,0,0,3,0,0,0,0
KaninchenSpeed@lemmy.blahaj.zone,0,0,0,0,0,0,0,0,0,0,40,0,0,0,0,0,0,0,0,0,0,0,0,0,0,0,0,0,0,0,0,0,0,0
ihawk@programming.dev,6,0,0,0,0,0,0,0,0,0,0,0,0,0,0,0,0,0,0,0,0,0,0,0,0,0,0,0,0,0,0,0,0,0
Taratathetarantula@lemmy.world,47,0,0,0,0,0,0,0,0,0,0,0,0,0,0,0,0,0,0,0,0,0,0,0,8,0,0,0,0,0,0,0,0,0
SatansDaughter@piefed.blahaj.zone,0,0,0,0,0,0,0,0,0,0,0,0,0,0,0,0,0,0,0,0,0,3,0,0,0,0,0,0,0,0,0,0,0,0
SleeplessCityLights@programming.dev,36,18,5,2,1,0,1,0,0,1,0,0,15,0,0,0,0,0,0,26,0,41,82,0,0,0,12,10,0,0,0,0,0,0
wagmaete@misskey.id,2,0,0,0,0,0,0,0,0,0,0,0,0,0,0,0,0,0,0,0,0,0,0,0,0,0,0,0,0,0,0,0,0,0
Brkdncr@lemmy.world,0,5,0,0,0,0,0,0,0,0,0,0,0,0,0,0,0,0,0,0,0,0,0,0,0,0,0,0,0,0,0,0,0,0
ReticulatedPasta@lemmy.world,0,0,0,0,0,0,0,0,0,0,0,0,0,0,0,0,0,0,0,0,0,1,0,0,0,0,0,0,0,0,0,0,0,14
t0fr@lemmy.ca,0,0,0,0,0,0,0,0,0,0,0,3,0,0,0,0,0,0,0,0,0,0,0,0,0,0,0,0,0,0,0,0,0,0
beeroengineer@feddit.org,0,0,0,0,0,0,0,0,0,0,1,0,0,0,0,0,0,0,0,0,0,0,0,0,0,0,0,0,0,0,0,0,0,0
FilthyShrooms@lemmy.world,0,0,0,0,0,0,0,0,0,0,0,0,0,0,0,0,0,0,0,0,0,6,0,0,6,1,6,0,0,0,0,0,0,0
Fizo5@mastodon.social,0,0,0,0,0,0,0,0,0,0,0,0,0,0,0,0,0,0,0,0,0,0,0,6,0,0,0,1,0,0,0,0,0,0
assertnull@programming.dev,0,0,0,0,0,0,0,0,0,0,0,0,0,0,0,0,6,0,0,0,0,0,0,0,0,0,0,0,0,0,0,0,0,0
agent_nycto@lemmy.world,0,0,0,0,0,0,0,0,0,0,0,6,0,0,0,0,0,0,0,0,0,0,0,0,0,0,0,0,0,0,0,0,0,0
med@sh.itjust.works,0,0,0,0,0,0,0,0,0,0,0,0,0,0,0,0,0,0,4,0,0,0,0,0,0,0,0,0,0,0,0,0,0,0
redditrefugee@lemmy.zip,0,0,0,0,0,0,0,0,0,0,0,0,0,0,0,0,0,0,0,0,0,0,2,0,0,0,0,0,0,0,0,0,0,0
sab@hostux.social,7,2,0,2,2,3,0,0,0,0,1,0,19,0,0,0,0,8,0,0,0,0,19,0,0,0,0,0,0,0,0,0,0,0
BobChorba@piefed.blahaj.zone,0,0,0,0,0,2,0,0,0,0,8,0,11,0,0,0,0,0,0,0,0,0,0,0,8,16,8,0,0,0,0,0,0,0
LarsIsCool@lemmy.world,9,0,0,89,0,5,0,0,0,0,0,0,0,0,0,0,0,0,0,0,0,0,0,0,0,0,18,0,0,0,0,0,0,0
munkisquisher@mastodon.nz,1,0,0,0,0,0,0,0,0,2,0,0,0,0,0,4,3,0,0,0,0,11,34,0,0,0,0,0,0,0,0,0,0,0
IribondSystem@toast.ooo,0,0,0,0,4,0,0,0,0,0,0,0,0,2,4,0,27,9,0,0,0,0,0,0,0,0,0,0,0,0,0,0,0,0
cowfodder@lemmy.zip,0,0,0,0,0,0,0,0,0,0,0,16,0,0,0,0,0,0,0,0,0,0,0,0,0,0,0,0,0,0,0,0,0,0
Smadour@toast.ooo,11,0,0,0,0,0,0,0,0,0,0,0,0,0,0,0,0,0,0,0,2,0,0,0,0,0,0,0,0,6,1,0,0,0
sulfidedisburseangledafternoontipper@piefed.blahaj.zone,0,0,0,0,0,0,0,0,0,0,0,0,0,0,0,0,0,0,0,0,3,0,0,0,0,0,0,0,0,0,0,0,0,0
lucille@piefed.blahaj.zone,0,0,0,0,0,5,0,0,0,0,15,10,7,0,0,0,4,0,0,0,14,2,12,0,0,0,9,24,0,15,0,0,0,0
tomi000@lemmy.world,2,0,0,0,0,0,0,0,0,0,0,0,0,0,0,0,0,0,0,0,0,0,0,0,0,0,0,0,0,0,0,0,0,0
goatmeal@midwest.social,0,0,0,0,0,0,0,0,2,2,0,0,5,0,0,0,0,0,0,0,0,0,6,0,0,0,0,0,0,0,0,0,4,0
TheFriendlyDickhead@feddit.org,7,0,0,0,0,0,0,0,0,0,56,0,0,0,0,0,0,0,0,0,0,0,0,0,0,0,0,0,0,0,0,0,0,0
als@alico.nexus,0,0,0,0,0,0,0,0,0,0,0,0,3,0,0,0,0,0,0,0,0,0,5,0,0,0,0,0,0,0,0,0,0,0
compfu@mograph.social,51,4,9,27,27,53,103,48,5,32,89,18,31,0,36,64,4,0,7,75,66,9,0,10,12,24,5,4,3,32,13,0,0,13
TropicalDingdong@lemmy.world,7,0,0,0,0,0,0,0,0,0,0,0,0,0,0,0,0,0,0,0,0,0,0,0,0,0,0,0,0,0,0,0,0,0
iamthetot@piefed.ca,0,0,0,0,0,0,0,0,0,0,0,0,0,0,0,0,0,0,0,0,0,0,0,0,0,0,0,0,0,8,0,0,0,0
gwl@lemmy.blahaj.zone,0,0,0,0,0,0,0,0,0,0,0,0,0,0,0,0,0,0,0,0,0,0,0,0,5,0,0,0,0,0,0,0,0,0
Moodel@feddit.uk,24,0,0,0,0,0,0,0,0,0,0,0,0,0,0,0,0,0,0,0,0,0,0,0,0,0,0,0,0,0,0,0,0,0
lokalhorst@feddit.org,54,0,0,2,27,17,0,0,0,0,210,0,22,0,0,0,0,87,0,0,0,0,0,112,0,0,0,0,0,0,0,0,0,5
linsenchip@feddit.org,34,0,0,0,1,8,0,0,0,3,10,0,5,0,0,0,0,0,0,0,0,0,0,30,0,0,0,0,0,2,0,0,0,3
fakeman_pretendname@feddit.uk,42,0,0,0,0,34,0,0,0,0,0,0,7,0,0,0,0,0,0,0,0,2,6,1,0,0,0,0,0,8,0,0,0,0
AcerM@lemmy.world,0,0,0,0,0,0,0,0,0,0,0,0,0,0,0,0,0,0,0,0,0,0,7,0,0,0,0,0,0,0,0,0,0,0
obliviousdusk@lemmy.zip,0,0,0,0,0,0,0,0,0,0,0,0,5,0,0,0,0,0,0,0,2,0,0,0,0,0,0,0,0,0,0,0,0,0
datenwolf@chaos.social,0,0,0,0,0,0,0,0,0,0,0,0,0,0,0,0,0,0,0,0,0,0,0,22,0,0,0,0,0,0,0,0,0,0
Kaiser_Karl_II@feddit.org,0,0,0,0,0,0,0,0,0,0,9,0,6,0,0,0,0,0,0,0,0,0,0,6,0,0,0,0,0,0,0,0,0,0
LocustOfControl@reddthat.com,0,0,0,0,0,8,0,0,0,0,0,0,0,0,0,0,0,0,0,0,0,0,0,0,0,0,0,0,0,0,0,0,0,0
oblivion96@discuss.tchncs.de,4,0,0,0,0,0,0,1,61,20,9,28,0,0,0,0,0,0,0,0,0,0,0,216,0,0,1,0,7,0,0,0,0,0
Kumpelblase@feddit.org,0,0,0,0,0,0,0,0,0,3,11,0,0,0,0,0,0,0,0,0,0,0,0,0,0,0,0,0,0,0,0,0,0,0
kid2908@slrpnk.net,0,0,0,0,0,5,0,0,0,0,0,0,0,0,0,0,0,0,0,0,0,0,0,1,0,0,0,2,0,0,0,0,0,0
Anachu@leminal.space,0,0,0,0,0,4,0,0,0,0,0,0,0,0,0,0,0,0,0,0,0,0,5,0,0,0,0,0,0,0,0,0,0,0
ferdinand@sopuli.xyz,0,0,0,0,0,0,0,0,0,0,0,0,0,0,0,0,0,0,0,0,0,0,0,0,0,0,0,0,19,0,5,22,0,0
Vessel@feddit.org,0,0,0,0,0,0,0,0,0,0,7,0,0,0,0,0,0,0,0,0,0,0,0,0,0,0,0,0,0,0,0,0,0,0
ex@chaos.social,0,0,0,0,0,0,0,0,0,0,0,0,0,0,0,0,0,0,0,0,0,0,0,12,0,0,0,0,0,0,0,0,0,0
thestrike@lemmy.blahaj.zone,0,0,0,0,0,0,0,0,0,0,0,0,0,0,0,0,0,0,0,0,0,0,0,0,0,8,0,0,0,0,0,0,0,0
Butiki@mander.xyz,0,0,0,0,3,1,0,0,0,0,0,0,0,0,0,0,0,0,0,0,6,0,0,0,0,1,0,7,2,0,0,0,0,0
Sir_Ious@feddit.org,0,0,0,0,0,0,0,0,0,0,0,0,8,0,0,0,0,0,0,0,0,0,0,0,0,0,0,0,0,0,0,0,0,0
LadyCajAsca@hexbear.net,0,0,0,0,0,0,0,0,0,0,0,0,22,0,0,0,0,0,0,0,0,0,0,0,0,0,0,0,0,0,0,0,0,0
thedreamer123@mastodon.social,3,0,0,0,0,0,0,0,0,0,0,0,0,0,0,0,0,0,0,0,0,0,0,0,0,0,0,0,0,0,0,0,0,0
MLRL_Commie@hexbear.net,0,0,0,0,0,1,0,0,0,0,0,0,0,0,0,0,0,1,0,0,0,0,0,0,0,0,0,0,0,0,0,0,0,0
KacperParkour@mastodon.world,0,5,0,11,4,8,0,0,5,0,0,5,0,0,5,0,0,0,0,0,0,5,0,0,0,4,0,0,5,5,5,0,0,5
oco@norden.social,8,0,0,0,16,15,0,31,4,0,11,4,2,0,0,5,5,5,0,0,0,11,6,3,1,0,0,0,0,6,3,2,10,4
BigYoop@toast.ooo,1,0,0,0,0,18,0,0,0,0,0,0,0,0,0,0,0,0,0,0,0,0,0,0,0,0,0,0,0,0,0,0,0,0
Fireplace@toast.ooo,31,0,2,0,5,45,18,3,0,5,0,0,10,0,0,0,13,1,0,4,58,2,1,0,0,0,36,23,0,0,0,0,7,0
imhangry@mander.xyz,6,0,0,0,0,0,0,0,0,0,0,2,6,0,0,0,0,0,0,0,24,0,0,0,0,0,0,5,0,0,0,0,0,0
RedWizard@hexbear.net,41,0,0,0,0,0,0,0,0,0,0,0,7,0,0,0,0,0,0,0,0,0,0,0,0,0,0,0,0,6,0,0,0,0
TheYop2@toast.ooo,5,0,0,0,0,15,0,0,0,0,0,0,0,0,0,0,0,0,0,0,0,0,0,0,0,0,0,0,0,0,0,0,0,0
fitjazz@sh.itjust.works,0,0,0,0,0,0,0,0,0,0,0,0,0,0,0,17,0,0,0,0,0,0,0,0,0,0,0,0,0,0,0,0,0,0
one_old_coder@piefed.social,3,0,0,0,24,8,0,0,0,143,0,0,1,0,0,3,0,0,0,0,0,0,0,0,0,0,0,0,0,2,0,0,6,0
arudesalad@piefed.ca,14,1,11,21,0,0,3,0,0,0,0,0,0,0,0,0,0,0,0,0,0,0,0,0,0,0,0,0,0,0,3,0,0,0
Robomekk@lemmy.ca,0,0,0,0,0,0,0,0,0,0,0,0,0,0,0,0,0,0,0,0,0,0,0,0,0,0,0,0,0,2,0,0,0,0
pixelcode@social.tchncs.de,0,0,0,0,0,0,0,0,0,0,40,0,0,0,0,0,0,0,0,0,0,0,0,0,0,0,0,0,0,0,0,0,0,0
Inkstainthebat@pawb.social,0,0,0,0,0,0,0,0,0,0,0,0,16,0,0,0,0,0,0,0,0,1,1,0,0,0,0,0,0,0,0,0,0,4
Thekingoflorda@lemmy.world,36,0,0,1,0,0,0,0,0,0,0,0,0,0,0,0,0,0,0,0,0,0,13,0,0,0,0,0,0,15,0,0,0,0
Montzovian_Times@c.im,0,0,0,0,0,2,0,0,0,0,0,0,0,0,0,0,0,8,0,0,0,0,0,0,0,0,0,0,0,0,0,0,0,0
BirgitR@norden.social,6,0,0,0,0,0,16,0,0,9,0,0,2,0,0,0,0,0,0,0,0,0,0,0,0,0,0,0,0,28,0,0,0,0
ontariobay@lemmy.world,0,1,0,0,0,0,0,0,0,0,0,0,0,0,0,0,0,0,0,0,0,0,0,0,0,0,0,0,0,0,0,0,0,0
grsscvjjkkojhf@toast.ooo,11,0,0,0,0,7,0,0,0,0,10,0,0,0,0,0,0,0,0,0,17,0,21,0,0,0,13,1,0,26,8,0,0,20
tetris11@feddit.uk,7,0,0,0,0,0,0,0,0,0,0,0,0,0,0,0,0,0,0,0,0,0,0,0,0,0,1,0,0,10,3,1,0,0
InterestingUsername@lemmy.ml,0,0,0,0,0,0,6,0,0,0,0,0,0,0,0,0,0,0,0,0,0,0,0,0,0,0,0,0,0,0,0,0,0,0
Volpit@fosstodon.org,8,0,0,0,0,21,0,0,0,0,0,12,0,0,0,0,3,0,0,0,0,23,0,28,0,0,0,0,0,0,30,0,0,0
baguette@piefed.social,0,0,0,0,0,12,0,0,0,0,0,0,0,0,0,0,0,0,0,0,0,0,12,0,0,0,0,0,0,4,0,0,0,0
ontariobay@lemmy.dbzer0.com,0,0,1,0,0,0,0,0,0,0,0,0,0,0,0,0,0,0,0,0,0,0,0,0,0,0,0,0,0,0,0,0,0,0
DivineDev@piefed.social,1,0,10,0,0,0,0,0,0,0,0,0,0,0,0,0,0,0,0,0,0,0,0,0,0,0,0,0,0,0,0,0,0,0
