username,userRank,numPixels,xCoordinateTop,yCoordinateTop,NumPixelsTop
142446@toast.ooo,1,6588,10,262,1417
Lokloy@lemmy.world,2,5227,679,186,23
rrconkle@lemmy.zip,3,4907,895,23,14
guantousam@lemmy.world,4,4373,66,491,5
neurospice@lemmy.dbzer0.com,5,4219,560,314,67
Snoopy@jlai.lu,6,4091,118,145,6
SquReal@toast.ooo,7,3894,76,184,6
0_0@sopuli.xyz,8,3628,21,206,5
hdggDalton@toast.ooo,9,3475,333,259,8
KoboldCoterie@pawb.social,10,3322,17,351,5
Lilou41@lemmy.world,11,3259,741,72,15
Ategon@programming.dev,12,3227,370,430,6
hemko@lemmy.dbzer0.com,13,3165,893,499,24
GlennMagusHarvey@mander.xyz,14,3130,437,14,9
sandr44@lemmy.blahaj.zone,15,3106,433,197,2
Rose@lemmy.world,16,3063,495,136,18
dave@lemmy.nz,17,3058,122,145,5
doktahsatan@lemmy.world,18,3028,664,251,3
BroBot9000@lemmy.world,19,2932,293,498,5
siv9939@lemmy.zip,20,2929,300,403,5
BluePower@sh.itjust.works,21,2818,43,237,8
Bigcheese@lemmy.world,22,2690,320,258,11
Vaporek@mas.to,23,2662,494,159,6
vudu@slrpnk.net,24,2587,186,197,4
Kelo@lemmy.world,25,2581,189,495,8
tblflip@pawb.social,26,2569,437,9,40
mirodir@discuss.tchncs.de,27,2564,146,86,16
ohsin@mastodon.social,28,2558,37,102,7
lvxferre@mander.xyz,29,2545,163,442,4
EXtremeExploit@lemmy.world,30,2498,295,256,14
thonofpy@lemmy.world,31,2473,213,91,5
tynstar@nerdculture.de,32,2451,376,59,5
flughoernchen@feddit.org,33,2440,20,203,68
eatham@aussie.zone,34,2389,19,86,7
Peter_Arbeitslos@feddit.org,35,2376,20,203,26
PixelAnimeArtist@mas.to,36,2366,495,153,5
macniel@norden.social,37,2333,753,183,5
JohnDClay@sh.itjust.works,38,2330,690,361,15
tetsuyayu@mas.to,39,2324,495,154,8
TheGuyTM3@lemmy.ml,40,2291,999,137,51
marius851000@mastodon.mariusdavid.fr,41,2277,954,54,3
starpup@toast.ooo,42,2268,197,226,8
LukeS26@lemm.ee,43,2256,20,203,69
Pemanil@equestria.social,44,2251,247,287,4
AutumnSpark1226@lemmy.today,45,2198,497,158,8
chaoticneutralczech@feddit.org,46,2175,726,180,6
Tzingo@lemmy.world,47,2169,985,35,6
shadowglider@lemmy.blahaj.zone,47,2169,718,377,153
MayhemWizard@mas.to,48,2120,449,105,5
freddo@feddit.nu,49,2117,313,77,9
tamero@feddit.org,50,2115,999,137,30
battleshack@sh.itjust.works,51,2092,18,182,10
0x0079@possum.city,52,2083,894,178,7
beansbeansbeans@lemmy.world,53,2079,475,42,3
wh0_cares@lemmy.blahaj.zone,54,2077,955,360,2
squirrel@discuss.tchncs.de,55,2076,199,233,5
AbouBenAdhem@lemmy.world,56,2075,382,272,4
nickname@lemmy.world,57,2063,325,270,12
Ariethefloof@glaceon.social,58,2019,545,320,17
ellenkelly@hexbear.net,59,2018,802,120,10
ACatAndPonyShow@mastodon.social,60,2013,218,239,16
antoined@kwak.cab,61,2008,789,446,5
DragonM97@programming.dev,62,2004,789,377,17
hellz@lemmy.world,63,1964,690,190,6
illinoismapper@lemmy.world,64,1961,119,297,4
marisamoment01@mas.to,65,1949,495,136,16
kwak@kwak.cab,66,1942,788,482,4
Setarkus@toast.ooo,67,1935,344,322,3
ns1@feddit.uk,68,1918,32,6,7
Mindtraveller@lemmy.ca,69,1865,432,200,6
zipitydew@sh.itjust.works,70,1864,535,411,5
black0ut@meow.social,71,1839,204,110,75
veroxii@aussie.zone,72,1831,187,28,5
lumidaub@social.tchncs.de,73,1828,3,204,20
Monkmoo@lemmy.world,74,1802,891,319,3
deebster@programming.dev,75,1798,840,58,7
HelisHere@mastodon.social,76,1794,52,85,5
Staden_@pawb.social,77,1775,36,74,9
eggy_dreams@feddit.uk,78,1767,246,77,122
divergentharmonics@sopuli.xyz,79,1747,676,401,5
Astrealix@lemmy.world,80,1723,178,77,13
my_hat_stinks@programming.dev,81,1719,604,53,13
monstanner@lemmy.ml,82,1691,400,203,3
ToastedPlanet@lemmy.blahaj.zone,83,1687,204,110,11
GeekFTW@lemmy.zip,83,1687,350,354,3
punkfungus@sh.itjust.works,84,1686,718,377,151
justfortestglitch@pipou.academy,85,1683,836,462,3
nondanya@ani.social,86,1660,458,242,5
Kalcifer@sh.itjust.works,87,1649,545,320,11
piXelBow@toast.ooo,88,1647,0,0,20
MBM@lemmings.world,89,1644,163,43,4
instantnudel@feddit.org,90,1610,218,239,9
DrDuskSaw@lemmy.world,91,1608,895,23,25
atlas@lemm.ee,92,1593,843,335,4
OGE@programming.dev,93,1584,371,433,4
lulutestudo@esperanto.masto.host,94,1573,37,73,3
captainbasculin@lemmy.ml,95,1568,983,132,9
emperor@feddit.uk,96,1565,32,10,8
arudy@octodon.social,97,1563,728,147,4
unexposedhazard@discuss.tchncs.de,98,1560,112,179,9
veroxii@lemmy.world,99,1558,75,78,4
grant@grants.cafe,100,1554,497,496,4
aroom@tooting.ch,101,1550,946,298,6
jpdev@programming.dev,102,1549,354,464,3
eating3645@lemmy.world,103,1538,505,71,3
shuni64@lemmy.world,104,1525,332,260,15
user224@lemmy.sdf.org,105,1518,841,58,8
misericordiae@literature.cafe,106,1508,583,141,5
TheWaffleLord@toast.ooo,107,1495,723,74,3
anhkagi@jlai.lu,108,1486,90,131,5
Rooki@lemmy.world,109,1477,300,403,7
mindbleach@sh.itjust.works,110,1475,239,73,4
BlueKey@kbin.run,111,1468,614,96,22
blueether@no.lastname.nz,112,1452,213,378,4
db0@lemmy.dbzer0.com,113,1437,557,337,8
RayeMoth@mas.to,114,1426,495,136,15
Termiboros@lemmy.autism.place,115,1419,912,415,3
No_Money_Just_Change@feddit.org,116,1417,367,212,4
smithkm@mastodon.social,116,1417,439,413,3
arrohed@mastodon.social,117,1410,82,140,6
iceblade02@lemmy.world,118,1402,895,185,8
cloud@toast.ooo,119,1399,294,256,23
desuer@lemmynsfw.com,120,1382,4,75,7
Max@feddit.dk,121,1381,398,28,14
jakylla@jlai.lu,122,1380,128,118,5
ChaoticNeutralCzech@feddit.de,123,1347,436,319,2
fishtune@programming.dev,124,1320,489,451,3
nuke@sh.itjust.works,124,1320,246,77,25
RealBot@lemmy.world,125,1308,896,171,6
faely@tilde.zone,126,1304,49,18,3
gemeinebirne@feddit.org,127,1298,239,203,7
Indefinitely_Bug_Mom@programming.dev,128,1293,447,135,6
sleepingoddish@lemmy.zip,129,1291,430,11,4
eagleeyedtiger@lemmy.nz,130,1285,158,378,2
dimine@mastodon.social,131,1273,289,263,15
PugJesus@lemmy.world,132,1271,229,114,27
peotr26@todon.eu,133,1269,312,369,13
vatniksplatnik@lemm.ee,134,1251,254,91,17
56_@lemmy.ml,135,1250,638,93,27
LiquidVicinity@lemmy.world,136,1243,294,258,6
sag@lemm.ee,137,1240,198,499,11
UxyIVrljPeRl@lemmy.world,137,1240,267,449,3
shkolopendre@imaginair.es,138,1228,508,380,17
lebout2canap@mastodon.tedomum.net,139,1220,784,499,7
iaotsam@masto.ai,140,1217,698,191,7
dfyx@lemmy.helios42.de,141,1211,193,43,11
jimbo@yiffit.net,142,1182,783,498,11
Linus_Torvalds@lemmy.world,143,1172,675,174,6
el@tilde.zone,144,1167,817,445,3
Hondadude719@lemmy.world,145,1153,201,234,4
TriLinder@lemmy.zip,146,1149,377,246,7
FocusFire@lemm.ee,147,1141,254,91,11
synapse1278@lemmy.world,148,1136,143,444,2
similideano@sopuli.xyz,149,1133,84,425,7
Falken@toast.ooo,150,1128,332,257,15
DevCuber@sh.itjust.works,151,1127,290,466,4
dronarnia@lemmy.world,152,1123,972,121,17
HaruhiFan18@mas.to,153,1119,495,158,16
razer@lemmy.world,154,1117,129,288,6
ianbkulin@c.im,155,1112,37,68,4
RetroBoi128@toast.ooo,156,1108,323,234,12
smuttylad@lemmynsfw.com,156,1108,865,149,13
kiara@lemmy.blahaj.zone,157,1103,401,379,3
False@toast.ooo,158,1099,54,287,7
threelonmusketeers@sh.itjust.works,159,1093,206,3,4
emb@lemmy.world,160,1091,493,290,4
grozzle@lemm.ee,161,1084,235,76,26
1rre@discuss.tchncs.de,162,1082,615,285,5
jlh@lemmy.jlh.name,162,1082,337,92,43
flamingos@feddit.uk,163,1077,99,45,5
7eter@feddit.org,163,1077,240,204,5
AllrightImmaHeadOut@discuss.tchncs.de,164,1073,351,210,5
Zwiebel@feddit.org,165,1069,369,30,4
ChaoticNeutralCzech@lemmy.ml,166,1053,435,333,2
taaz@biglemmowski.win,167,1044,356,388,8
greenwizard@toast.ooo,168,1041,281,22,5
Enderson1320@lemmy.world,169,1034,828,239,3
thirdBreakfast@lemmy.world,170,1031,130,99,2
meh@lemy.lol,171,1029,164,414,32
Th3s3us@mastodon.art,171,1029,610,155,4
Tide@toast.ooo,172,1022,175,258,7
FireWire400@lemmy.world,173,1017,0,26,7
mark@social.cool110.xyz,174,1015,123,381,2
unautrenom@jlai.lu,175,1010,100,146,6
trollercoaster@sh.itjust.works,175,1010,794,345,4
Stitch0815@feddit.org,176,1007,645,245,10
myusernameis@lemmy.ca,177,1006,35,157,5
GrantFive@lemmy.world,178,1000,495,136,27
cinnamonTea@lemmy.ml,179,997,452,319,5
frozen_flaps@lemmy.world,180,996,972,121,19
recursive_recursion@programming.dev,181,989,207,99,8
bloubz@lemmygrad.ml,182,986,972,116,17
dax@tilde.zone,183,985,559,306,4
cypress@lemmy.hogru.ch,184,981,973,406,3
onceuponaban@fedia.io,185,980,325,268,11
MoonlitChaser@mastodon.social,185,980,173,3,3
pmk@lemmy.sdf.org,186,973,786,377,3
CRIMMReaper@toast.ooo,187,971,203,235,8
RoyaltyInTraining@lemmy.world,188,968,184,106,7
PrimeSuspect@lemmy.blahaj.zone,189,956,656,44,6
silverface@strangeobject.space,190,951,39,203,4
Syrc@lemmy.world,191,949,297,56,3
Green21Black@feddit.org,191,949,913,239,6
crtbob@lemmy.world,192,945,405,263,14
neidu2@feddit.nl,193,944,337,92,28
PdizzleParker@lemmy.world,194,935,343,1,5
zoe@mastodon.de,195,929,85,221,3
saturn@oddballs.online,196,926,656,293,2
zer0@feddit.de,197,912,167,418,2
smash@lemmy.self-hosted.site,198,911,362,285,9
psyop@lemmy.world,199,908,254,91,10
federalreverse@feddit.org,199,908,281,230,4
fir@eepy.express,200,904,652,299,3
Takara_orca@oc.todon.fr,201,899,787,457,4
the_real_monte@sh.itjust.works,202,895,909,459,3
FeelThePower@lemmy.dbzer0.com,202,895,972,121,54
blackjacksepp@feddit.org,203,894,181,442,4
fancysprinkle@lemmy.world,204,889,161,262,3
firmament@eepy.express,205,887,656,295,3
shotgun_crab@lemmy.world,206,886,508,453,3
deaddrunk@mastodon.social,207,885,571,144,4
agiel@tummy.town,207,885,55,31,4
agiel@cannibal.cafe,208,884,533,334,3
catatat@feddit.org,209,879,246,77,19
rayglittersoft@hooves.social,210,871,701,18,3
sugar@toast.ooo,211,865,489,5,4
meepmew@imouto.pics,211,865,55,31,3
vykend@mastodonczech.cz,212,861,385,254,7
hubi@feddit.org,213,858,990,342,4
andromxda@lemmy.dbzer0.com,214,855,23,129,2
kopper@brain.d.on-t.work,215,853,635,96,4
Helium1234@lemmy.world,216,852,841,210,8
undearius@lemmy.ca,216,852,998,235,4
camus@jlai.lu,217,851,160,130,4
hasecilu@lemm.ee,218,850,949,471,3
totally_notAcat@lemmy.blahaj.zone,219,849,230,57,6
LongLive@lemmy.world,220,848,396,493,3
mrkazoo@masto.ai,220,848,662,141,3
yum@lemmy.eco.br,221,844,9,81,5
Engineer@discuss.tchncs.de,221,844,204,110,30
tuna@discuss.tchncs.de,222,842,818,274,4
tamlyn@lemmy.zip,223,839,240,497,4
12510198@lemmy.blahaj.zone,224,838,266,54,3
WeirdAlex03@lemmy.zip,225,821,793,163,4
Winderfall@toast.ooo,225,821,688,195,5
propagandalf@lemmy.world,226,820,539,233,4
absolutepotato@wetdry.world,227,819,885,362,2
BentiGorlich@wehavecookies.social,228,818,28,8,6
jpablo68@infosec.pub,229,815,316,55,2
ErikUden@mastodon.social,229,815,255,91,8
foexle@feddit.org,230,811,181,197,6
grozzle@lemmy.world,231,804,178,357,7
the_dopamine_fiend@toast.ooo,232,801,471,278,3
manuallybreathing@hexbear.net,233,794,178,356,9
Der_aus_Aux@feddit.org,234,793,197,226,8
Andromxda@hachyderm.io,235,792,11,126,3
Pandantic@midwest.social,236,789,330,24,4
passepartout@feddit.org,237,785,825,295,4
namipa@lemmy.world,238,780,495,158,23
psin@lemmy.world,238,780,385,195,6
nicerdicer@feddit.org,239,779,372,136,3
mare@toast.ooo,240,777,560,314,67
Mr_Mofu@lemmy.blahaj.zone,241,775,545,391,7
chaoticneutralczech@witter.cz,242,773,435,313,3
Hardened4416@lemmynsfw.com,243,771,989,212,2
JorgosOrgflakis@feddit.org,244,769,596,262,6
Hydrogen@lemm.ee,245,766,704,151,2
charger8232@lemmy.ml,246,764,625,93,5
aroom@swiss.social,247,757,966,337,4
Icell@lemmy.ml,247,757,981,488,3
saintmark@lemmy.world,248,756,214,115,6
inventa@lemm.ee,249,750,435,13,9
lnxtx@feddit.nl,250,749,997,482,3
Lisoo@eldritch.cafe,251,744,348,163,4
Lazorne@lemmy.zip,252,741,625,93,4
ManiacMarmotte@social.linux.pizza,253,739,969,196,2
Mokona@mastodon.zaclys.com,254,737,46,419,2
chaoticneutralczech@mastodon.gamedev.place,255,727,502,329,2
jonathanvmv8f@lemm.ee,256,724,341,479,2
cron@feddit.org,257,720,181,197,5
praise_idleness@sh.itjust.works,258,719,246,77,8
Matombo@feddit.org,258,719,460,95,4
rockmeat@feddit.org,259,714,376,181,3
martinbasic@lemmy.world,260,709,654,161,3
NorthWestWind@lemmy.world,261,704,136,33,3
Tihan@lemmy.world,262,702,248,249,3
AutoPastry@sopuli.xyz,263,701,315,114,7
c0d3r1@mastodon.social,264,697,638,93,15
arctaxia@toot.garden,265,695,290,42,4
yomikawasenpai@mastodon.social,266,690,490,181,3
Chexmax@lemmy.world,267,687,484,390,4
PixeIOrange@lemmy.world,268,685,847,359,5
haruisgood@mas.to,269,684,331,259,5
bombdragon@lemm.ee,270,683,213,120,7
soda_cans@toast.ooo,271,677,0,0,7
FriedFrenchFries@mastodon.social,272,675,152,20,8
JustTesting@lemmy.hogru.ch,272,675,960,388,3
famfo@chaos.social,273,672,447,368,4
caos@feddit.org,274,671,656,199,9
bluphph@toast.ooo,275,670,300,264,6
duckduck@lemmy.zip,276,666,91,404,3
jkozaka@lemm.ee,277,660,250,88,7
bstix@feddit.dk,278,659,789,477,3
ittakestwo@feddit.org,279,655,20,203,17
morgunkorn@mastodon.social,280,654,233,74,2
MastodonDE@mastodon.de,281,653,213,115,8
prequelmemes@wehavecookies.social,282,650,32,10,10
Toastor@mas.to,283,648,311,267,5
aroom@mstdn.io,284,643,930,388,3
ToxicWaste@lemm.ee,284,643,798,421,3
LittleshyFiM@derpy.masto.host,285,640,289,264,7
Rainarch@mastodon.social,286,637,333,257,8
valuesubtracted@startrek.website,287,636,115,104,10
ethan@aussie.zone,288,635,19,85,7
crazyminner@lemmy.ml,289,634,433,283,5
Terrance@lemmy.world,290,633,53,29,3
charles@akk.de-lacom.be,290,633,391,156,5
EuroNutellaMan@lemmy.world,291,631,537,184,7
simple@lemm.ee,292,628,199,452,5
ad_test@blahaj.zone,292,628,861,434,2
gaziel@mastodon.social,292,628,76,309,4
Estiar@sh.itjust.works,293,626,253,96,5
Quittenbrot@feddit.org,293,626,3,204,7
FireTower@lemmy.world,294,625,537,379,4
goldensuneur@kwak.cab,295,618,761,438,2
ChaosCoati@midwest.social,296,615,499,209,3
moonglow@mastodon.art,297,602,518,316,4
Shinynews@troet.cafe,298,600,385,179,3
Ethanol@pawb.social,299,597,325,268,26
Transform2942@lemmy.ml,300,595,99,43,3
0x2640@lemmy.blahaj.zone,301,593,234,27,9
apotheotic@beehaw.org,301,593,433,189,5
lemminary@lemmy.world,302,592,695,481,3
lesnout27@feddit.org,303,591,745,169,6
livingheart@sh.itjust.works,304,585,246,77,29
daudix@lemmy.zip,305,583,658,398,7
Fuzemain@lemmy.world,306,582,506,374,6
linguistgoneforeign@mastodon.social,307,579,670,215,4
testuser@no.lastname.nz,307,579,200,382,2
ricdeh@lemmy.world,308,575,662,30,6
kafuupone@toast.ooo,309,574,262,318,2
moosetwin@lemmy.dbzer0.com,309,574,318,265,5
Moon_man@mas.to,310,570,420,112,9
MechaGrima@lemmy.world,311,564,124,390,8
randomlegend@lemmy.dbzer0.com,312,563,434,488,2
noodle@sh.itjust.works,313,562,48,366,4
jotvib@mastodon.social,314,561,291,260,7
briefbeschwerer@feddit.de,315,560,694,346,9
Depress_Mode@lemmy.world,316,558,407,411,4
mindyabeesnes@beehaw.org,317,556,697,483,3
filmroellchen@chaos.social,318,555,420,371,6
Shinybook@mastodon.social,318,555,391,177,3
eya@lemmy.dbzer0.com,319,553,238,40,4
twiggiermango@mas.to,320,550,447,156,3
imaqtpie@sh.itjust.works,321,545,659,9,8
CIARecruiter@sh.itjust.works,322,544,219,356,22
LittleEndu@lemm.ee,323,542,278,264,5
ludrol@bookwormstory.social,324,540,188,436,4
Effet_chimpanze@piaille.fr,325,539,776,433,3
flipflop97@feddit.nl,326,536,449,217,2
fluid@aussie.zone,326,536,146,86,16
ff5@toast.ooo,327,535,209,296,3
rbn@sopuli.xyz,328,534,455,398,4
FairyZombie@lemmy.world,329,533,417,269,3
Kess8a@lemy.lol,329,533,647,490,4
dubbelstokje@feddit.org,330,531,636,243,5
sagan@lemm.ee,331,529,371,52,3
nightm4re@feddit.org,331,529,138,286,3
NoNotLikeThat@lemm.ee,332,525,573,36,4
Wolfdog@lemmy.world,333,521,332,260,5
ada@lemmy.blahaj.zone,334,520,972,121,4
inconcinnity@lemmy.world,334,520,810,343,2
SiKCLeR@lemmy.world,335,518,893,430,3
blimpkun@lemmy.zip,336,517,595,277,6
Pride@no.lastname.nz,337,516,396,380,7
naturlychee@lemm.ee,338,513,690,361,33
RoyDubnium@lemmy.world,339,512,188,246,3
Laku95@mastodon.social,340,511,295,269,12
olimitlolli@feddit.org,341,508,505,182,3
intraspectre@toast.ooo,342,506,718,377,3
scythemeowz@mastodon.social,343,504,333,261,5
cupidsg@mastodon.social,343,504,496,137,3
ArieTheFloof@pawb.social,344,502,584,271,2
nooch@lemmy.world,345,501,936,354,11
Tzar@lemmy.world,346,498,278,261,3
wirr@discuss.tchncs.de,346,498,184,199,3
JohnMadden@skeptics.social,346,498,215,117,7
Ad5001@lemmy.world,347,497,736,114,4
spielkus@aussie.zone,348,496,576,477,6
moonlight@fedia.io,349,494,609,106,3
chaoticneutralczech@lemmy.one,349,494,426,317,2
feudjais@eldritch.cafe,350,491,348,162,7
deathface@mastodon.social,351,489,533,154,3
AdrianTheFrog@lemmy.world,352,488,858,306,3
EherVielleicht@feddit.org,353,487,288,188,4
Ilovethebomb@lemmy.nz,353,487,154,326,2
CrispyCactus@lemm.ee,354,485,502,457,3
Mrs_deWinter@feddit.org,354,485,679,186,20
Collin@sh.itjust.works,354,485,354,473,6
arudesalad@sh.itjust.works,355,484,514,216,5
alex@social.voklen.com,356,481,879,374,3
Zibberzebra@feddit.org,356,481,275,136,2
Beringus@misskey.id,357,480,216,120,6
kaida@feddit.org,358,478,114,98,3
magic_smoke@links.hackliberty.org,359,477,53,449,6
deceptiveflutters@toast.ooo,360,476,301,265,3
lemmysuckurdick@lemmynsfw.com,360,476,694,494,2
lemming@sh.itjust.works,361,475,433,255,2
vykend@infosec.exchange,361,475,382,253,3
blackjacksepp@mstdn.party,362,474,533,354,3
Evilcartyen@feddit.dk,363,473,363,32,5
knatschus@discuss.tchncs.de,364,470,166,453,4
aroom@mstdn.social,365,469,970,340,3
eya@lemmy.blahaj.zone,366,468,267,34,2
Phil@paravielfalt.zone,367,467,20,203,11
Danterious@lemmy.dbzer0.com,368,466,104,460,3
DrMarx@lemmygrad.ml,368,466,218,113,7
one_suit_samus@retro.pizza,368,466,752,170,2
d_k_bo@feddit.org,369,463,372,141,3
manu@pouet.fedi.quebec,369,463,20,203,11
inlandempire@jlai.lu,370,461,399,87,2
naiboftabr@infosec.pub,370,461,206,499,2
MrFloppy@feddit.org,371,458,317,168,5
makingrain@lemm.ee,372,457,622,258,4
Steal_your_face@lemmy.ml,373,452,127,39,6
mikatakebu@mastodon.social,374,449,533,156,3
grunge_fox@wetdry.world,375,448,836,90,2
lordamplifier@pawb.social,376,445,989,461,4
eya@yiffit.net,377,442,239,42,4
thefeiter@chaos.social,377,442,488,100,9
Sumida56@mastodon.social,378,440,488,199,2
hkayn@dormi.zone,379,439,433,13,11
Gacrux@lemm.ee,379,439,12,230,6
voklen@programming.dev,380,436,475,464,2
fonji@sopuli.xyz,381,430,102,272,2
emasxp@lemmy.world,382,428,281,104,3
crimeschneck@feddit.nl,382,428,164,59,4
BigChungus21@lemmy.world,383,427,650,297,3
Ash_isbad@toast.ooo,383,427,332,257,3
binette@lemmy.ml,384,424,397,179,2
AnotherFuture@sh.itjust.works,384,424,894,499,20
mayidar@lemmy.world,385,423,906,483,7
skorly@mastodon.social,386,422,731,488,3
pedromakas@mastodon.social,386,422,848,349,3
CasualTee@beehaw.org,387,421,853,451,4
lemming@feddit.org,388,420,551,348,12
everett@lemmy.ml,388,420,45,86,3
eya@lemmynsfw.com,388,420,235,35,6
senseless@feddit.org,389,418,391,62,3
mamasch19@social.tchncs.de,390,417,338,404,6
TestAccountPleaseIgnore@mastodon.social,390,417,230,113,6
_Gandalf_the_Black_@feddit.de,390,417,583,174,2
Dufurson@sh.itjust.works,391,416,706,85,5
fartswithanaccent@lemmy.world,391,416,216,120,9
Rqaraal@mastodon.social,392,414,156,150,5
albi@furry.engineer,393,409,521,212,5
c24w@lemmy.world,393,409,392,188,4
Plazma@toast.ooo,394,408,278,266,9
pok@mamot.fr,395,407,437,9,47
HazySkies@lemmy.world,396,406,367,13,4
muntedcrocodile@lemm.ee,397,404,31,76,4
centuryy@mastodon.social,398,403,288,264,5
lord@pleroma.lord.re,398,403,381,67,2
CeruleanDerpo@wetdry.world,398,403,176,412,7
Micromot@lemmy.zip,399,400,242,178,5
cows_are_underrated@feddit.org,400,399,224,240,9
corgana@startrek.website,400,399,116,104,5
ealfox@mastodon.online,401,398,268,428,2
onion@feddit.de,401,398,343,39,3
clb92@feddit.dk,401,398,589,291,4
RandomStickman@comicscamp.club,402,391,429,402,3
LodeMike@lemmy.today,403,388,79,295,5
Oliviastarstuff@fosstodon.org,404,386,90,68,2
NorthWestWind@mastodon.art,405,384,151,41,2
drkt@lemmy.dbzer0.com,405,384,991,138,6
pinage404@mamot.fr,406,382,913,448,3
KInoCr@mas.to,406,382,408,112,3
enkrod@feddit.org,406,382,280,141,7
deedan06_@lemmy.dbzer0.com,406,382,329,260,3
CommunistDefender@sh.itjust.works,406,382,231,114,6
PaX@hexbear.net,407,379,236,76,8
pewgar_seemsimandroid@lemmy.blahaj.zone,408,374,894,493,11
lemmyng@lemmy.ca,408,374,451,70,3
morrowind@lemmy.ml,409,373,341,381,3
casualpotat@mastodon.social,410,372,114,149,6
SamSpudd@lemmy.lukeog.com,411,370,104,301,5
germste@sh.itjust.works,411,370,380,35,5
peebs@toast.ooo,412,369,477,496,5
butterflyweed@blahaj.zone,412,369,233,57,3
RandomGen1@lemm.ee,413,367,254,91,21
myrumisvodka@lemmy.dbzer0.com,414,366,99,24,11
myah@piaille.fr,415,365,658,329,2
xior112@lemmy.ml,416,364,862,91,4
darkcupid26@mastodon.social,417,363,497,182,4
VladimirLenin@lemmy.cafe,418,362,217,111,9
RandomWalker@lemmy.world,419,361,231,396,1
Lumun@lemmy.zip,420,360,266,377,1
masago@otakuzatoka.cz,420,360,384,264,5
chipt4@beehaw.org,420,360,499,374,2
victor_sueca@tooter.sftn.eu,421,359,699,42,3
Quilly@equestria.social,422,348,117,497,13
muffdiver@lemmynsfw.com,423,346,254,88,3
programmerhumor@wehavecookies.social,424,345,27,0,3
schlemmy@lemmy.blahaj.zone,424,345,388,171,3
gluwu@lemm.ee,425,344,73,140,2
dave@social.cologne,426,343,914,405,2
baldingpudenda@lemmy.world,426,343,256,90,3
Mechoselachia@lemmy.world,427,341,432,203,5
jackhadfriends@mastodon.social,428,339,301,264,11
MarxistCatgirl@lemy.lol,429,338,215,109,6
l_b_i@yiffit.net,430,337,17,378,3
TaionTheTram@feddit.org,431,336,219,133,1
paboppa@jlai.lu,432,335,116,150,2
wxnzxn@lemmy.ml,433,333,823,496,2
admin@wehavecookies.social,433,333,31,1,2
Asemundus@lemm.ee,434,332,946,199,2
ark@otherling.social,435,331,246,341,3
Varyk@sh.itjust.works,436,329,384,316,5
misha@toki.social,436,329,668,497,2
GreyShuck@feddit.uk,437,328,74,21,1
Certainly_No_Brit@discuss.tchncs.de,438,327,250,198,2
whome@discuss.tchncs.de,438,327,267,210,3
112haloboy@lemmy.world,438,327,96,264,4
caos@feddit.de,439,326,656,198,5
Montagge@lemmy.zip,440,325,360,329,2
kala_telo@lemmy.blahaj.zone,441,323,890,484,2
Delta_V@lemmy.world,441,323,233,85,4
malusa@mastodon.social,441,323,548,386,3
Diplomjodler@feddit.org,442,320,230,57,7
xargon@livellosegreto.it,443,319,623,343,3
admin@startrek.website,444,317,115,102,4
fortatech@lemy.lol,444,317,350,20,5
kolorafa@lemmy.world,445,315,642,3,3
Bi@tech.lgbt,446,314,883,312,4
nossaquesapao@lemmy.eco.br,447,313,9,80,4
programmer_belch@lemmy.dbzer0.com,447,313,402,439,3
helloyanis@jlai.lu,448,312,141,143,5
Gorillazrule@lemmy.dbzer0.com,448,312,331,320,2
gabik65@social.pixelcave.xyz,449,310,411,48,2
Dunstabzugshaubitze@feddit.org,450,309,755,191,4
ErikUden@mastodon.de,450,309,255,90,5
aggelalex@lemmy.world,451,308,170,171,3
monnie@snug.moe,451,308,148,191,2
ptz@dubvee.org,452,307,103,71,4
NorthWestWind@wetdry.world,452,307,145,37,2
Sidges@mastodon.social,452,307,322,268,5
popol_monopol@jlai.lu,453,306,457,441,4
k@transfem.social,453,306,64,82,3
ray@sh.itjust.works,453,306,417,53,1
nanclus@sh.itjust.works,453,306,690,361,19
tigeruppercut@lemmy.zip,454,305,743,272,2
aaaaaaaaargh@feddit.org,454,305,115,104,16
olebla@feddit.org,455,302,786,329,2
mat@jlai.lu,455,302,128,130,2
amreo@mastodon.uno,455,302,121,54,4
usernamesAreTricky@lemmy.ml,456,301,429,277,3
petrol_sniff_king@lemmy.blahaj.zone,456,301,231,449,5
Foni@lemm.ee,457,299,379,53,5
Fitik@fedia.io,458,298,390,156,8
DerTschl0mpf@sh.itjust.works,458,298,255,89,3
admetan@social.noleron.com,459,297,80,278,3
emile@eldritch.cafe,460,295,395,153,5
Ringmasterincestuous@aussie.zone,461,294,31,58,2
zippaling@sh.itjust.works,462,293,193,473,3
Daeltam@programming.dev,463,292,669,214,2
mhloppy@mastodon.online,463,292,974,110,2
msgraves@lemmy.dbzer0.com,464,291,442,472,2
volpit@fosstodon.org,465,290,177,197,4
alligatorblizzard@sh.itjust.works,465,290,555,386,3
OmegaMouse@pawb.social,465,290,25,437,3
trick@idic.social,465,290,163,43,5
Sankta@feddit.org,465,290,645,245,8
GoldenCow@lemm.ee,465,290,254,92,4
Gush5310@jlai.lu,466,289,109,145,2
scourgeofgod@mastodon.social,467,288,641,240,4
krusty@feddit.it,467,288,177,198,3
ZeptoAto@fosstodon.org,467,288,402,464,2
WaterfallAdventure@reddthat.com,468,287,495,136,3
GunDownGrace@xelebre.com,469,285,36,73,2
ann@grants.cafe,470,283,459,38,5
Jomosoto@discuss.tchncs.de,471,281,367,81,3
grntrenchman@sh.itjust.works,471,281,936,458,2
Fire_tower@mastodon.social,472,279,508,380,7
bonsoir@lemmy.ca,473,278,171,159,3
bountifuleggnog@hexbear.net,473,278,690,361,84
BurningTurtle@feddit.org,474,277,250,125,3
minybolito@peculiar.florist,475,276,357,165,2
1boiledpotato@sh.itjust.works,476,274,121,404,2
KommunistVerteidiger@hessen.social,476,274,214,116,5
wazzupdog@lemmy.blahaj.zone,477,273,341,29,3
parsnip@lemmy.ca,478,272,476,67,2
germste@lemmy.ca,478,272,380,34,4
Smorty@lemmy.blahaj.zone,479,270,528,467,5
lafgl@zirk.us,479,270,440,325,4
fedishine@eldritch.cafe,480,265,263,366,2
g0d0fm15ch13f@lemmy.world,481,262,356,27,4
Ekpu@lemmy.world,481,262,22,214,3
T_the_cheet@mastodon.social,482,261,278,268,4
Dayroom7485@lemmy.world,483,260,368,122,3
plainoldcheese@masto.ai,483,260,783,451,3
Mrs_deWinter@discuss.tchncs.de,484,259,679,181,6
Daeltam@toast.ooo,484,259,295,264,6
itsnooya@toast.ooo,485,258,348,192,3
Signtist@lemm.ee,485,258,61,65,2
HEXN3T@lemmy.blahaj.zone,485,258,185,479,3
0verm0rr0w@mastodon.social,485,258,518,426,5
thorry84@feddit.nl,486,256,89,124,3
CJOtheReal@ani.social,487,255,39,203,9
elchi@feddit.org,487,255,572,202,5
wieson@feddit.org,488,253,627,1,3
kr0n@lemmy.world,488,253,218,113,10
iocside@transfem.social,489,252,264,341,2
fuzzy_feeling@programming.dev,489,252,344,497,3
tricky@idic.social,490,248,193,43,7
eco_game@discuss.tchncs.de,490,248,2,206,3
jonathan12345@lemmygrad.ml,490,248,984,134,6
tissek@mastodon.nu,491,247,365,32,5
Geniusak@social.vivaldi.net,491,247,343,392,2
Shieldtoad@sh.itjust.works,492,246,485,470,2
Kflash2814@lemmy.world,493,244,144,426,5
Ravenn@lemmy.dbzer0.com,493,244,793,284,3
hawthornbunny@equestria.social,494,243,87,272,3
blechlawine@mastodon.social,494,243,254,198,3
daniyeg@lemmy.ml,494,243,570,494,5
lifter@discuss.tchncs.de,494,243,398,28,10
colares@lemmy.eco.br,495,242,19,86,5
wofls@feddit.org,495,242,268,161,2
MoonlitChaser@lemmy.world,496,241,345,189,2
Salvaria@lemmy.blahaj.zone,496,241,256,201,4
wazzupdog@lemmy.world,496,241,557,337,4
morrowind@social.tchncs.de,497,240,349,373,3
vbb@lemmy.world,497,240,924,278,5
cooltoast@mastodon.social,498,238,625,93,9
Nath@aussie.zone,499,237,101,3,4
randomaccount43543@lemmy.world,499,237,610,285,3
Ladle@lemmy.blahaj.zone,499,237,414,174,4
WeDotYou@mastodon.de,500,235,219,113,5
morgunkorn@discuss.tchncs.de,500,235,405,56,2
scio@lemmy.world,501,233,382,38,3
breanna04@mastodon.social,501,233,845,350,3
Cowbee@hexbear.net,501,233,262,30,5
Potoooooooo@toast.ooo,501,233,283,267,2
yoshinyon@mastodon.social,501,233,537,184,10
Twig_Bug@toast.ooo,502,232,176,257,3
wretman@mastodon.nu,502,232,304,105,2
pumpkinyolo@mastodon.social,502,232,638,93,11
conditional_soup@lemm.ee,503,230,766,261,2
gamer191@mastodon.social,503,230,400,259,2
DaBai@lemmy.one,504,229,252,90,5
temeleh@lemdro.id,505,227,800,481,3
rxin@lemmy.blahaj.zone,505,227,510,391,3
joejoetv@troet.cafe,506,226,588,471,2
glablynon@lemmy.world,506,226,741,72,13
spl@lemmy.world,507,225,351,119,4
foxmorph@oddballs.online,507,225,175,400,3
Nath@lemmy.world,508,224,55,30,5
ssm@lemmy.sdf.org,509,223,352,476,5
cryoistalline@lemmy.ml,510,221,621,162,6
polskilumalo@lemmygrad.ml,510,221,194,73,3
dialectical_analysis_of_gock@hexbear.net,510,221,260,94,3
bigboig@lemmy.dbzer0.com,511,220,209,108,3
mir@mas.to,511,220,971,474,4
lseif@sopuli.xyz,512,219,549,416,4
stummgeschaltet@feddit.org,512,219,200,232,4
purple_drank@lemmy.world,512,219,972,121,19
hcsch@chaos.social,512,219,794,342,2
sorrybookbroke@sh.itjust.works,513,218,436,84,2
yindrik@f.cz,514,217,371,246,4
ozzelot@mstdn.social,515,216,269,428,3
PigStyle@lemmy.world,515,216,545,358,6
Canyon201@lemmy.world,516,215,254,93,5
wiihappyfew@hexbear.net,516,215,906,181,4
everall@gaygeek.social,516,215,371,295,4
supakaity@blahaj.zone,516,215,285,485,3
emuspawn@orbiting.observer,517,214,489,337,5
UnfairUtan@lemmy.world,517,214,379,430,3
camus@lemmy.blahaj.zone,517,214,145,112,3
lm_41@social.tchncs.de,517,214,485,349,3
we_avoid_temptation@lemmy.zip,517,214,872,379,4
thememesniper@wetdry.world,517,214,669,329,3
botorfj@lemdro.id,518,213,132,135,4
YaxPasaj@lemmy.eco.br,519,212,4,75,6
Jumuta@sh.itjust.works,519,212,575,128,2
Neon_Carnivore@lemmy.zip,520,211,369,357,2
whodoctor11@lemmy.ml,520,211,254,89,3
ChilledPeppers@lemmy.world,520,211,189,415,3
somerandomguyidrk@lemmy.world,521,210,256,221,5
sunglocto@lemmy.zip,522,209,248,32,2
Forne@lemmy.world,522,209,765,95,4
Orcman354@toast.ooo,523,208,703,280,2
natuhhlee@lemmy.blahaj.zone,523,208,946,369,4
maven@woem.men,523,208,612,107,5
Ithral@lemmy.blahaj.zone,524,204,231,367,4
NicKoehler@feddit.it,525,203,411,485,4
possiblylinux127@lemmy.zip,525,203,108,6,6
dudeimmacgyver@sh.itjust.works,526,202,210,125,3
9point6@lemmy.world,527,201,186,71,2
lemmy@endlesstalk.org,528,200,362,285,11
hothrin@transfem.social,528,200,686,370,1
leviathan@nnia.space,528,200,343,1,10
emi_x@lemmy.world,529,198,294,260,4
Sunandshadow@lemmy.ca,529,198,433,87,1
explore_broaden@midwest.social,530,197,572,360,5
mmagian@lemmy.ml,531,196,309,198,2
lake@mastodon.social,532,195,828,442,3
cth@lemmy.wtf,533,194,899,77,2
Kaari@leminal.space,533,194,615,246,5
Manzas@lemdro.id,534,193,733,339,5
SwarmVoid@mastodon.social,535,192,37,102,7
greatalbatross@feddit.uk,536,191,142,445,2
filmroellchen@donotsta.re,537,190,553,324,2
Aras@feddit.de,538,187,794,132,3
BitSound@lemmy.world,538,187,106,138,3
Generous1146@beehaw.org,538,187,89,124,3
chrischryse@lemmy.world,538,187,801,39,2
freeplay@wetdry.world,538,187,549,28,4
onoira@lemmy.dbzer0.com,539,186,233,85,5
jak2k@mastodontech.de,540,185,3,156,2
orange_lux@eldritch.cafe,540,185,343,187,2
LordPinkFloyd@lemmy.world,541,184,330,423,7
misterbngo@awful.systems,541,184,262,366,4
wxmcxdsyjgvpxhjpjn@grants.cafe,542,183,429,276,2
germste@lemmy.world,543,180,380,37,3
wazzupdog@lemmy.ml,543,180,336,26,3
maze@chaos.social,543,180,134,385,2
assa123@lemmy.dbzer0.com,544,179,603,0,3
ProjectPatatoe@lemmy.world,544,179,824,105,3
Gobbel2000@programming.dev,545,178,368,444,2
comrade_lecter@nnia.space,545,178,348,6,3
sag@lemy.lol,545,178,205,481,2
idegenszavak@sh.itjust.works,546,177,100,417,2
Black616angel@discuss.tchncs.de,547,176,580,158,2
sudojustwork@infosec.pub,547,176,688,366,9
TIN@feddit.uk,547,176,610,290,2
Limfjorden@feddit.dk,547,176,312,369,12
olicvb@lemmy.ca,548,175,227,270,2
__Zess__@feddit.org,548,175,198,225,10
shadeow@piaille.fr,548,175,682,31,2
bleistift2@sopuli.xyz,549,174,368,128,3
SquishyUndead@mastodon.social,549,174,9,81,3
Paschko_mato@lemmy.dbzer0.com,550,173,569,339,3
ponyofwar@pawb.social,551,172,338,404,6
gingernate@programming.dev,552,169,332,404,3
Sonne@feddit.org,552,169,403,164,2
WittyProfileName2@hexbear.net,553,168,76,490,4
JPAKx4@lemmy.blahaj.zone,553,168,520,342,2
derisionconsulting@lemmy.ca,553,168,449,105,5
Robot_Servo_81@lemmy.ml,554,167,81,252,8
shadowwwind@beehaw.org,554,167,614,102,2
zubb08@toast.ooo,555,166,278,264,4
prunebutt@slrpnk.net,555,166,986,160,2
captaincoupi@lemmy.world,555,166,625,260,4
blueturbo47@mastodon.social,556,165,278,266,5
vegan935@grants.cafe,556,165,400,264,2
kakafarm@emacs.ch,557,164,356,232,2
Test123@mastodon.de,557,164,216,111,4
Disgrace6412@lemmy.world,557,164,893,198,3
jasoncg@programming.dev,558,163,115,104,3
tastytomato1982@mastodon.social,558,163,621,95,3
Localhorst86@feddit.org,559,161,135,99,1
Nuage@lemmy.blahaj.zone,560,160,7,470,3
Sibbo@sopuli.xyz,560,160,557,374,3
PlzGivHugs@sh.itjust.works,560,160,192,3,3
sharkfucker420@lemmy.ml,560,160,769,108,3
314xel@lemmy.world,560,160,833,151,4
can@sh.itjust.works,561,159,195,487,4
syer10@lemmy.ca,561,159,466,54,1
shagshag@jlai.lu,562,158,133,129,2
jpolgesek@101010.pl,562,158,423,27,3
SceptrN@feddit.org,563,157,244,225,4
madeline@lemmy.blahaj.zone,564,156,430,193,2
dabster291@lemmy.zip,565,155,519,63,2
haruhisuzumiya@mas.to,565,155,450,160,2
elucid8ion@kolektiva.social,565,155,129,47,3
ColtenG9@toast.ooo,566,154,487,173,4
verity_kindle@sh.itjust.works,566,154,280,82,2
_haha_oh_wow_@sh.itjust.works,566,154,253,100,2
jojo@toast.ooo,566,154,947,401,2
legoman6952@toast.ooo,566,154,694,486,3
awooo@floofy.tech,566,154,62,270,2
Nath@lemmy.ml,567,153,55,31,5
verstra@programming.dev,568,152,332,34,3
katalyst@nnia.space,569,147,343,1,7
23Sonics@wetdry.world,569,147,673,311,2
PrivateNoob@sopuli.xyz,570,146,416,53,2
Flatworm7591@lemmy.dbzer0.com,570,146,467,457,2
Apologist@oddballs.online,570,146,918,392,1
oscardejarjayes@hexbear.net,571,145,235,76,26
davsc@lemmygrad.ml,571,145,805,25,6
WhatThaFudge@lemmy.sdf.org,572,144,73,431,2
noggynoggy@ieji.de,572,144,260,174,2
Blue_Bee@feddit.org,572,144,263,163,3
Evilphd666@hexbear.net,572,144,550,189,3
rentin@chaos.social,572,144,399,377,2
nilsding@pounced-on.me,573,143,199,223,3
m0xqdci4h1@mastodon.social,573,143,614,52,3
sidewayshighways@lemmy.world,574,142,747,453,3
dok@rivals.space,574,142,384,259,5
mapletree@sh.itjust.works,574,142,422,466,3
chromolium_falcon@lemmy.ml,574,142,255,85,8
ErikUden@muenchen.social,575,141,254,91,4
nonbinaryapps@tech.lgbt,575,141,394,145,2
alixcozmo@mastodon.social,576,140,380,15,8
vlad76@lemmy.sdf.org,576,140,981,121,7
anarchaos@fe.disroot.org,577,139,429,257,4
mascottus@veganism.social,577,139,779,490,2
zabadoh@ani.social,577,139,220,449,4
kittykittycatboys@lemmy.blahaj.zone,578,138,114,314,2
SexyTinyIce@mastodon.world,578,138,833,478,2
kurki93@lemmy.world,578,138,414,31,1
richteas@mastodon.social,579,137,19,199,2
Synthuir@lemmy.ml,579,137,906,177,5
Blechtaler@feddit.org,580,136,250,191,3
ABasilPlant@lemmy.world,580,136,864,6,3
fiat126@lemmy.blahaj.zone,581,135,228,486,3
tarcisio_surdi@mastodon.social,581,135,367,14,7
ekZepp@lemmy.world,582,134,425,386,10
Deebster@infosec.pub,582,134,490,273,2
divine_lu@eldritch.cafe,582,134,833,479,2
fuckthepolice@sh.itjust.works,582,134,691,362,6
8p9otlwo45@mastodon.social,582,134,604,53,4
Klanky@sopuli.xyz,583,133,496,416,2
ZonenRanslite@feddit.org,583,133,291,171,2
pink@lemmy.world,583,133,821,99,2
machinesmith42@programming.dev,584,132,484,211,2
whostosay@lemmy.world,584,132,50,25,4
voidep@mastodon.social,585,131,293,257,2
yynt@lemmy.ml,585,131,478,327,4
lsdog@piaille.fr,585,131,361,176,2
KazukyAkayashi@social.zarchbox.fr,586,130,508,469,2
maxy@lemmy.blahaj.zone,587,129,273,74,2
randomblock1@mastodon.social,587,129,421,268,7
garth@sh.itjust.works,587,129,693,364,3
Starfighter@discuss.tchncs.de,588,128,240,197,2
gxoja@mastodon.green,588,128,473,377,2
Zodian@hooves.social,589,127,327,318,5
trolske@feddit.org,589,127,245,237,3
gregortactac@lemm.ee,590,126,361,25,2
SpoopyKing@lemmy.sdf.org,590,126,212,284,2
annaaurora@pony.social,590,126,417,332,2
lym@lemmy.world,591,125,260,317,2
RavenKnight61@toot.garden,591,125,745,90,3
logan9789@equestria.social,592,122,46,255,1
Black_Quajutsu@lemmy.blahaj.zone,592,122,233,62,1
Danitos@reddthat.com,593,120,621,162,5
manucode@infosec.pub,593,120,940,178,5
onoira@lemmy.blahaj.zone,593,120,254,115,4
xJunit@programming.dev,593,120,545,483,2
winload_exe@wetdry.world,593,120,608,41,3
rockape@sopuli.xyz,593,120,694,361,5
vimeswk@lemmy.wtf,593,120,76,87,2
fen@antabaka.me,594,119,549,320,3
Dk58@jlai.lu,594,119,211,80,2
bromagosa@mastodont.cat,594,119,362,53,2
wanderingmagus@lemm.ee,595,118,430,198,2
Alaskaball@hexbear.net,595,118,232,76,4
not_jules@toast.ooo,596,117,668,485,2
administrator@lemmy.self-hosted.site,596,117,372,295,3
rikudou@lemmings.world,597,116,469,478,2
JetpackJackson@feddit.org,597,116,269,176,3
Houl@wetdry.world,597,116,870,94,2
ZebraGoose@sh.itjust.works,598,115,314,100,2
F04118F@feddit.nl,598,115,257,92,2
JoeWrench1023@startrek.website,599,114,107,90,3
irroc_0001@toast.ooo,599,114,289,260,2
femboytoy@thicc.horse,599,114,600,144,3
deus@lemmy.world,600,113,435,41,2
ErikUden@troet.cafe,601,112,255,91,7
furball@sh.itjust.works,601,112,235,100,3
ari@ak.ari.lt,601,112,518,362,1
Marty_TF@lemmy.zip,602,111,242,243,2
gruik@piaille.fr,602,111,80,498,2
nerdsnerd@pone.social,603,110,151,14,2
eberhardt@discuss.tchncs.de,603,110,407,419,2
alsaaas@lemmy.dbzer0.com,603,110,233,92,5
mirkcirk@mastodon.social,604,109,287,424,3
Bananable@feddit.nl,605,108,480,409,3
teutotina@lemmy.blahaj.zone,605,108,375,126,2
MatttNguyen@toast.ooo,605,108,286,16,3
jagungal@lemmy.world,605,108,243,154,2
jojo@blobfox.coffee,605,108,888,71,2
RandomVideos@programming.dev,606,107,817,462,3
CaptainBlagbird@lemmy.world,606,107,648,369,2
Webghost0101@sopuli.xyz,606,107,143,440,2
Kayway@grants.cafe,606,107,113,444,2
offspec@lemmy.nicknakin.com,606,107,497,366,3
nonap@discuss.tchncs.de,606,107,785,59,3
thedarkness@lemmy.wtf,606,107,20,74,3
hitwright@lemmy.world,607,105,18,341,3
skaverat@discuss.tchncs.de,607,105,74,130,2
rwjffymhlbbypvomkk@grants.cafe,607,105,432,259,1
Poslovitch@wikis.world,607,105,128,197,2
tanguyraton@masto.bike,607,105,2,109,5
vecovywohoefaqddft@grants.cafe,608,104,426,250,2
sky@slrpnk.net,609,103,308,400,1
levit4tion@mas.to,609,103,464,141,2
MarciaLynnDorsett@lemmy.world,609,103,429,278,4
cobra@ak.vern.cc,609,103,633,114,11
chrastecky@phpc.social,610,102,447,459,1
AVI@mastodon.uno,610,102,172,195,1
tkk13909@fosstodon.org,610,102,213,117,2
awesomealt@toast.ooo,610,102,700,482,3
switchywitchyandbitchy@hexbear.net,610,102,690,361,4
Maciek@lemmy.zip,611,101,280,413,2
MP3Martin@programming.dev,611,101,512,216,3
eth0slash0@lemmy.world,611,101,449,69,1
ben@feddit.dk,611,101,259,99,2
ClusterBomb@lemmy.blahaj.zone,611,101,842,470,2
plactagonic@sopuli.xyz,612,100,624,163,2
12_5@lemmy.ml,612,100,250,79,2
ExotiqueMatter@lemmygrad.ml,612,100,205,94,7
layzttmntaxiezkdgy@grants.cafe,612,100,732,283,2
domi@donotsta.re,612,100,422,377,2
yen@feddit.uk,613,98,49,50,3
chefdano3@lemm.ee,614,97,433,371,1
disoxlw@lemmy.dbzer0.com,614,97,345,321,2
perdidonavida@mstdn.party,614,97,20,93,3
jakobdev@feddit.org,614,97,956,87,2
johandea@feddit.nu,615,96,311,86,2
Staines@hexbear.net,615,96,254,115,8
sudc@midwest.social,615,96,811,131,4
grte@lemmy.ca,616,95,475,63,1
d3nofury@mastodon.social,616,95,321,263,8
rimu@mastodon.nzoss.nz,617,94,316,64,1
bob@lemm.ee,618,93,37,102,2
thordros@hexbear.net,618,93,194,362,2
daniel@social.dhelonious.de,618,93,432,75,3
grgml@indieweb.social,619,92,257,85,4
jasdemi@jasdemi.com,620,91,259,159,1
sirikon@mastodon.social,620,91,257,219,3
catculation@lemmy.zip,620,91,45,20,2
Thunraz@feddit.org,621,90,309,132,2
melooone@feddit.de,621,90,274,177,2
sensiblepuffin@lemmy.world,621,90,182,85,2
tuxonbike@norden.social,621,90,136,210,2
irremarkable@fedia.io,621,90,927,229,5
Ninjabread@lemmy.ml,622,89,128,140,3
baggins@lemmy.ca,622,89,502,72,2
Edie@hexbear.net,622,89,178,358,5
callyral@furry.engineer,622,89,761,214,2
Tibi@discuss.tchncs.de,622,89,415,437,1
old_machine_breaking_apart@lemmy.dbzer0.com,622,89,19,85,4
georgemoody@tiny.tilde.website,622,89,748,284,3
tmpod@lemmy.pt,622,89,902,333,2
drbluefall@toast.ooo,623,88,346,4,3
HailTheDarkness@toast.ooo,623,88,277,266,4
bravelittletoaster@lemmy.world,623,88,207,359,2
gratux@furries.club,624,87,619,315,1
JizzmasterD@lemmy.ca,624,87,496,52,1
Sparky@lemmy.blahaj.zone,624,87,174,243,3
jackgreenearth@lemm.ee,624,87,458,7,3
Ikazune@mastodon.social,625,86,272,266,2
ErikUden@c.im,625,86,255,91,5
ErikUden@fosstodon.org,625,86,219,121,2
Pili@hexbear.net,626,85,994,135,11
minecraftchest1@firefish.minecraftchest1.us,626,85,615,1,2
plussoyeureuse@h4.io,626,85,385,156,3
Oha@lemmy.ohaa.xyz,627,84,859,289,2
DiabolicalBird@lemmy.ca,627,84,434,81,2
Rikudou_Sage@lemmy.world,627,84,466,462,1
halfway_neko@lemmy.dbzer0.com,627,84,431,496,3
Beryl@jlai.lu,627,84,128,138,2
Vincent@feddit.nl,627,84,359,89,2
rexo@is.horse,627,84,10,203,4
Pancito@lemmy.world,628,83,261,359,2
ErikUden@mas.to,628,83,215,118,2
quark42@startrek.website,628,83,307,156,2
mecfs@lemmy.world,628,83,220,135,2
shadeless@discuss.tchncs.de,628,83,933,305,6
AngusTheNerd@feddit.uk,629,82,62,29,1
What_Religion_R_They@hexbear.net,629,82,692,365,4
rbesfe@lemmy.ca,629,82,538,186,3
8nlight@fe.disroot.org,629,82,387,261,3
uvhivanmeenpxbwgag@grants.cafe,630,81,704,280,2
JeanMichelVase@jlai.lu,630,81,108,141,2
virtualmarc@mstdn.social,630,81,622,117,3
esyra@mastodon.online,630,81,165,404,2
EpicKebabEater@hexbear.net,630,81,258,356,5
otter@lemmy.ca,631,80,403,45,3
ThanksForAllTheFish@sh.itjust.works,631,80,266,171,1
bitter_potato@veganism.social,631,80,730,306,2
bookswiftieandrew@techhub.social,631,80,722,81,3
myedition8@lemmy.world,632,79,866,409,2
dch82@mastodon.social,632,79,90,266,2
wagesj45@mastodon.jordanwages.com,633,78,163,365,2
richardwalter@hostux.social,633,78,287,373,2
iloveharuhisuzumiya@mas.to,633,78,468,144,2
emhl@feddit.org,633,78,341,182,2
eazykiller@feddit.org,633,78,1,206,13
gabrilend@tech.lgbt,634,77,666,445,2
hummas@lemmy.blahaj.zone,634,77,257,66,2
michael_p@det.social,634,77,340,271,3
jjagaimo@lemmy.ca,635,76,114,31,3
caos@metalhead.club,635,76,656,199,4
Nilloc@discuss.tchncs.de,636,73,166,453,2
thedaemon@hj.9fs.net,636,73,360,267,2
mikcxjo@mastodon.social,636,73,83,408,1
EdanOsborne@mstdn.social,636,73,497,499,1
xmwmrgqzprxjnptnfd@grants.cafe,636,73,700,288,2
emily@mastodon.de,636,73,25,216,3
SanguinePar@lemmy.world,637,72,456,490,2
socsa@sh.itjust.works,637,72,185,479,6
zaphod@sopuli.xyz,638,71,185,196,3
severith@equestria.social,638,71,151,11,2
trickier@idic.social,638,71,155,43,2
amaki123@mastodon.social,638,71,792,98,2
ddaarroo@lemmy.world,639,70,774,303,2
Tower@lemm.ee,639,70,412,6,2
Zurgo@lemmy.dbzer0.com,639,70,191,316,2
r_ffer23@sh.itjust.works,639,70,294,279,1
whitleyodonne@lemmy.world,640,69,495,154,8
Imperor@mastodon.social,640,69,386,3,2
technohacker@programming.dev,640,69,960,422,3
guntrigger@sopuli.xyz,640,69,176,76,12
bentigorlich@gehirneimer.de,641,68,9,8,1
saturn@feddit.org,641,68,218,154,1
muntedcrocodile@lemmy.world,641,68,200,91,2
FlyingGayMonkey@lemmy.world,642,67,111,142,1
Frenchie@mastodon.top,642,67,64,271,2
cedmax@livellosegreto.it,643,66,247,197,6
cuboimposible@fosstodon.org,643,66,366,426,2
keepthepace@slrpnk.net,643,66,146,199,2
AccountMaker@slrpnk.net,644,65,209,398,4
all4one@lemmy.zip,644,65,299,400,2
Picodon@jlai.lu,645,64,110,135,3
rehydrate@lemmy.world,645,64,254,76,3
boxy@wetdry.world,645,64,615,55,2
kittybwained@tech.lgbt,646,63,548,329,3
midnight@slrpnk.net,647,62,256,9,2
CommationCerebrole@jlai.lu,647,62,109,150,2
ErikUden@uwu.social,647,62,216,117,2
jakylla@sh.itjust.works,648,61,174,147,1
blaue_Fledermaus@mstdn.io,648,61,20,78,1
panamanap@feddit.org,648,61,223,232,4
alguncha@lemmy.world,648,61,738,353,1
sil@mastodon.social,648,61,897,91,1
patrickgold@mastodon.social,648,61,406,371,2
onion@mastodon.social,649,60,398,17,5
perdido@lemmy.eco.br,649,60,435,41,2
sanfierro@pony.social,649,60,573,360,2
tomcatt360@lemmy.world,650,59,351,441,3
raoul@lemmy.sdf.org,650,59,246,103,5
testaccount789@sh.itjust.works,651,58,860,42,3
Pili@lemmygrad.ml,651,58,201,65,2
Imnotcreative@feddit.org,651,58,689,334,1
kaiiak@wetdry.world,651,58,693,462,2
ticlagrao@corneill.es,652,57,453,116,1
TheLorax@sh.itjust.works,652,57,260,93,1
unimalion@sh.itjust.works,652,57,276,178,2
consuela@mapsupport.de,652,57,366,6,2
mashbooq@infosec.pub,652,57,218,120,3
LyingCake@feddit.org,653,56,24,215,3
spacemarine@sh.itjust.works,653,56,233,97,2
deinonychus@hexbear.net,653,56,233,101,3
asante@hexbear.net,653,56,699,383,8
jamesNFCN@jlai.lu,654,55,112,58,3
ihor@social.noleron.com,654,55,99,272,1
ErikUden@techhub.social,654,55,209,119,2
Dianoga@lemm.ee,654,55,314,115,3
mcj@mastodon.social,655,54,255,473,2
lqdrchrd@lemmy.blahaj.zone,655,54,49,47,2
firlin@pone.social,655,54,702,369,1
importhappinessdoth@programming.dev,655,54,211,358,2
fruity@lemm.ee,655,54,611,265,2
mrcookierespect@reddthat.com,655,54,20,203,4
brotimc@mastodon.de,655,54,118,152,2
bot@mastodon.de,655,54,21,214,2
HetronicBob@toast.ooo,656,53,237,451,1
yetAnotherUser@lemmy.ca,656,53,460,460,2
Proto@wetdry.world,656,53,146,72,3
SteveNashFan@lemmy.world,657,52,405,488,2
aeweto@mastodon.social,657,52,382,47,1
codl@chitter.xyz,657,52,103,223,1
grimm@lemmy.zip,657,52,295,406,2
bethke@mastodon.social,657,52,213,0,1
hirage@lemmy.eco.br,657,52,348,16,2
Gingernate@lemm.ee,658,51,333,405,2
mogoh@mastodon.social,659,50,324,144,3
Dynoscord@lemmy.world,660,49,206,256,2
fernandofig@reddthat.com,660,49,7,78,4
yjr4df0708@lemmy.ml,660,49,204,110,3
NateSwift@lemmy.dbzer0.com,660,49,630,229,1
mausu@meow.social,661,48,230,353,2
bird@birdbox.party,661,48,506,26,2
Zoop@beehaw.org,661,48,856,463,2
yog_sothoth@chaos.social,661,48,556,338,2
bobtimus_prime@feddit.org,662,47,403,75,2
ace@toots.ananace.dev,662,47,311,95,2
matthieu@mstdn.io,663,46,33,28,2
gucci_minh@hexbear.net,663,46,269,91,3
Homer1@lemmy.world,663,46,486,359,4
michel@social.recondo.com.br,663,46,351,16,2
ErikUden@m.cmx.im,663,46,210,115,3
NegativeInf@lemmy.world,664,45,456,176,3
bae@mas.to,664,45,586,114,2
stellae@derg.social,664,45,444,182,2
FigMcLargehuge@sh.itjust.works,665,44,13,144,3
pruwybn@discuss.tchncs.de,665,44,339,101,2
uves@troet.cafe,665,44,391,61,5
ardorhb@discuss.tchncs.de,665,44,300,189,3
nbirckel@mastodon.social,665,44,392,185,2
lugal@sopuli.xyz,665,44,76,107,2
Skyezopen@lemmy.world,665,44,325,265,2
tate@biglemmowski.win,665,44,724,328,2
Addoyy@feddit.org,666,43,212,213,3
Apepollo11@lemmy.world,666,43,658,350,2
UlrikHD@programming.dev,666,43,320,499,7
infinitysnapz@wetdry.world,666,43,668,321,2
tesserast@xelebre.com,666,43,99,49,2
Archer@toast.ooo,667,42,200,224,5
Starshine@equestria.social,667,42,249,254,1
AsgerFD@programming.dev,667,42,248,170,1
armchair_progamer@programming.dev,667,42,375,484,2
efyre@potate.space,667,42,111,294,5
brotimc@troet.cafe,667,42,161,136,2
xuv@lemmy.blahaj.zone,668,41,528,30,2
cedmax@octodon.social,668,41,249,197,2
jazdax@lemmy.world,668,41,748,460,2
kite@tech.lgbt,668,41,615,155,2
zeri@sh.itjust.works,668,41,605,284,1
tacostrange@mastodon.radio,668,41,694,460,5
quazaromega@lemy.lol,668,41,764,148,2
gamma@programming.dev,669,40,345,475,2
delaenya@lemmy.world,669,40,416,459,1
comradeed@lemmygrad.ml,669,40,186,92,1
coke38@lemmy.world,669,40,804,66,4
shushue@toast.ooo,669,40,161,8,1
morgunkorn@pixel.tchncs.de,669,40,674,16,1
azestyburger@mastodon.social,669,40,763,240,1
depreciated_cost@lemmy.ml,670,39,204,110,3
possiblyaperson@sh.itjust.works,670,39,572,360,5
brotundspiele@feddit.org,670,39,260,181,2
mrsmoer@chaos.social,670,39,439,367,2
redditreallysucks@lemmy.dbzer0.com,671,38,416,4,1
consuela@nnia.space,671,38,364,6,2
jonc211@programming.dev,671,38,561,347,2
giantfloppycock@lemm.ee,672,37,85,266,1
phielaidmignon@cornichon.me,672,37,325,150,2
johanno@feddit.org,672,37,868,52,2
kux@lemm.ee,672,37,801,371,2
fothermucker@lemmy.world,672,37,301,265,3
kinggold@lemmy.world,672,37,233,243,5
angrath@mtgzone.com,673,36,152,196,1
mp3@lemmy.ca,673,36,473,46,1
Mephir0@lemmy.world,673,36,281,263,2
wolferatu@lemmy.zip,673,36,280,397,2
BedbugCutlefish@lemmy.world,673,36,221,111,2
sirius006@sh.itjust.works,673,36,619,317,2
tizmic@mastodon.social,673,36,564,89,2
wtypstanaccount04@hexbear.net,673,36,255,91,2
mdwhite999@lemmy.sdf.org,674,35,52,491,2
Skyhighatrist@lemmy.ca,674,35,671,11,1
Egin@troet.cafe,674,35,261,142,1
Poyo@pipou.academy,674,35,438,116,2
Appleman283@mas.to,674,35,411,140,2
originalucifer@moist.catsweat.com,674,35,293,448,4
kersploosh@sh.itjust.works,675,34,197,113,1
jobe@feddit.org,675,34,244,160,1
kodoku@beehaw.org,676,33,495,317,1
liam070@sopuli.xyz,676,33,241,239,3
moonworm@hexbear.net,676,33,207,108,2
schmoo@slrpnk.net,676,33,135,213,1
YourNewFavouriteUser@sh.itjust.works,676,33,397,178,3
notankies@mastodon.social,676,33,204,110,5
provomeister@lemmy.ca,677,32,452,77,2
klaymore@sh.itjust.works,677,32,874,451,1
ibtyx@toast.ooo,677,32,274,264,2
ashtoast@toast.ooo,677,32,148,203,1
MrPommeroy@lemmy.world,677,32,251,101,4
fedop@slrpnk.net,677,32,182,234,1
AngelDevil09@mas.to,677,32,401,130,1
miostetsson@feddit.org,677,32,98,387,2
katie@mapsupport.de,677,32,73,473,2
ShadowDragon@discuss.tchncs.de,678,31,69,111,2
rentlar@lemmy.ca,678,31,527,84,3
the_sleepy_woke_dialectic@hexbear.net,678,31,379,166,1
Speiser0@feddit.org,678,31,260,136,1
Necrowkiller@nnia.space,678,31,248,249,4
senjienji@dotnet.social,678,31,681,338,2
trevor@lemmy.blahaj.zone,678,31,153,238,1
jaxiiruff@lemmy.zip,678,31,515,230,1
jamsharp@fedi.jamsharp.net,678,31,685,311,2
tanakaasuka@sh.itjust.works,678,31,922,13,2
nuageceleste@rivals.space,678,31,384,167,2
Catoblepas@lemmy.blahaj.zone,679,30,432,200,4
HerrVincling@lemmy.world,679,30,285,175,1
thedarkfly@feddit.nl,679,30,399,28,1
scholar@lemmy.world,679,30,380,23,1
Pappy@nnia.space,679,30,72,465,1
dubnako@nnia.space,679,30,366,6,3
Lloydxmas@lemmy.world,679,30,238,34,2
pixl_xip@mastodon.world,679,30,264,456,2
inductor@feddit.de,680,29,54,35,1
InfiniteFlow@lemmy.world,680,29,108,100,2
sst@lemmy.world,680,29,432,424,2
maggiwuerze@feddit.org,680,29,239,74,1
sunset_sakura@en.osm.town,680,29,47,140,1
sexy_peach@beehaw.org,680,29,77,267,1
everyone@c.im,680,29,69,288,2
JohnOliver@feddit.dk,680,29,350,75,2
best_username_ever@sh.itjust.works,680,29,86,218,2
Kingofthecouch@lemmy.ca,680,29,268,313,3
moki@wetdry.world,680,29,838,91,3
StillPaisleyCat@startrek.website,681,28,433,55,1
Fondots@lemmy.world,681,28,474,423,1
skillissuer@sh.itjust.works,681,28,223,125,2
FuckyWucky@hexbear.net,681,28,251,85,2
solarpunkgirl@slrpnk.net,681,28,134,216,1
kaiserZak@lemmy.world,681,28,830,409,3
thefreepenguinalt@lemmygrad.ml,681,28,266,90,5
petrescatraian@mstdn.ro,682,27,413,486,1
OrlandoDeCabron@hexbear.net,682,27,254,91,2
wren@feddit.uk,682,27,95,15,2
Dfirebug@lemmy.world,682,27,478,469,3
professorowl_phd@hexbear.net,682,27,257,90,2
Codandchips@lemmy.world,682,27,62,26,1
snue@feddit.dk,682,27,70,139,1
mossgreeneddie@chaos.social,682,27,879,368,1
louisvgn@pouet.chapril.org,683,26,836,9,2
zapsnh@lemmy.world,683,26,126,37,1
swedneck@discuss.tchncs.de,683,26,333,78,1
ReallyBadDev@lemmy.world,683,26,522,29,1
spot@startrek.website,683,26,93,97,2
internutter@blahaj.zone,683,26,249,476,1
hellohotel@lemmy.world,683,26,93,75,4
Sterile_Technique@lemmy.world,684,25,174,268,3
lime360@wetdry.world,684,25,91,272,1
sdcSpade@lemmy.zip,684,25,230,161,1
minneyar@fuzzyfox.social,684,25,221,23,1
xchaos@f.cz,684,25,376,226,1
Geologist@lemmy.zip,684,25,256,375,2
saul@hayu.sh,684,25,690,383,2
polaris64@lemmy.sdf.org,684,25,873,446,2
Sarmale@lemmy.zip,685,24,0,393,2
Frippa@lemmy.ml,685,24,259,100,2
elvith@feddit.org,685,24,326,69,1
PhobosAnomaly@feddit.uk,685,24,158,149,3
lol@feddit.org,685,24,224,189,1
washburn@hexbear.net,685,24,401,181,1
Kokolores@lemmy.world,685,24,223,74,1
OpenLabsAlbania@fosstodon.org,685,24,240,89,3
bluesnail@lemmy.world,685,24,366,48,2
lawnroomba@lemmy.world,685,24,701,190,2
tinselkatalizor@oddballs.online,685,24,42,215,2
CanadianCorhen@lemmy.ca,686,23,453,63,2
Y2K38@lemmy.one,686,23,92,270,1
JohnyRocket@discuss.tchncs.de,686,23,165,461,1
excral@feddit.org,686,23,19,12,2
doylio@lemmy.ca,686,23,71,424,2
QueerCommie@lemmygrad.ml,686,23,276,90,2
Thistle@hexbear.net,686,23,267,100,3
wolfbytyler@tech.lgbt,686,23,532,181,2
100_universes@lemmy.world,686,23,79,119,2
therealten95@sh.itjust.works,686,23,883,132,2
iAvicenna@lemmy.world,686,23,110,32,3
Zargio@feddit.it,687,22,428,447,1
Emerald@discuss.tchncs.de,687,22,272,177,2
zahtu@feddit.org,687,22,201,177,1
Apothenon1@lemm.ee,687,22,308,87,1
chall8908@infosec.exchange,687,22,124,38,1
kicsiz@lemmy.blahaj.zone,687,22,993,161,2
neonbubble@mstdn.social,687,22,182,78,2
aesecakes@lemmy.world,687,22,175,101,5
redworm@fosstodon.org,687,22,595,399,2
Levsgetso@lemmy.zip,688,21,269,386,1
match@pawb.social,688,21,153,246,2
mesamunefire@lemmy.world,688,21,396,0,1
Mielsucxanto@esperanto.masto.host,688,21,63,392,1
ErikUden@infosec.exchange,688,21,255,91,4
Ttimo@mastodon.social,688,21,372,168,2
curled@lemm.ee,688,21,116,52,1
bloor@feddit.org,688,21,412,90,1
Lockne@lemmy.zip,688,21,283,410,1
KitDeMadera@lemmy.ca,688,21,430,84,1
RVGamer06@sh.itjust.works,689,20,48,405,1
dremor@jlai.lu,689,20,107,140,2
zombyreagan@lemm.ee,689,20,62,127,1
AVincentInSpace@pawb.social,689,20,619,142,1
esm@wetdry.world,689,20,860,261,5
radladerrobbe@feddit.nl,689,20,637,419,1
onlyhuntsbears@lemmynsfw.com,689,20,473,194,1
Neshura@bookwormstory.social,690,19,894,253,2
thilosaur@lemmy.world,690,19,0,0,1
ancho85@terere.social,690,19,43,462,1
izzyscissor@lemmy.world,690,19,102,399,1
FOSS_Propagandist@hexbear.net,690,19,248,378,1
lordemostarda@lemmy.eco.br,690,19,9,92,1
neurofumo@mastodon.social,690,19,526,12,1
silly@transfem.social,690,19,605,43,1
Badoker@lemmy.nz,690,19,120,310,1
Dfirebug@discuss.tchncs.de,691,18,52,421,1
jevans@climatejustice.social,691,18,429,125,1
Aqila@feddit.org,691,18,419,292,2
compact_ravioli@feddit.org,691,18,272,136,2
communism@lemmy.ml,691,18,401,171,2
baalinvoker@lemmy.eco.br,691,18,0,87,1
Zwad@lemmy.world,691,18,220,106,1
Foxfire@pawb.social,691,18,907,294,1
OwlknightQuinn@lgbtqia.space,691,18,524,329,1
Hammersbald@lemmy.world,691,18,698,21,1
mcmodknower@programming.dev,692,17,358,480,4
florge@feddit.uk,692,17,329,85,1
lukstru@lemmy.world,692,17,244,115,1
sawdustprophet@midwest.social,692,17,281,94,2
thedeadwalking4242@lemmy.world,692,17,319,288,1
greg@clar.ke,692,17,59,25,1
gabik65@fosstodon.org,692,17,360,64,1
oracle@piaille.fr,692,17,248,387,1
monkeyx@cyberplace.social,692,17,625,344,3
ButWhatDoesItAllMean@sh.itjust.works,693,16,214,283,2
pseudo@jlai.lu,693,16,166,138,1
april@lethallava.land,693,16,289,273,1
hutonahill@toast.ooo,693,16,200,16,1
LordTechnobabble@sopuli.xyz,693,16,365,253,2
poupou24@piaille.fr,693,16,221,328,3
genfood@feddit.org,693,16,227,185,1
simeon@reddthat.com,693,16,22,11,1
HejMedDig@feddit.dk,693,16,496,74,1
vitchapo@mastodon.social,693,16,11,78,2
TheTeej107@lemm.ee,693,16,286,496,3
roadrunner_ex@lemmy.ca,693,16,194,474,1
Vac31@mastodon.social,693,16,876,498,2
skumky@lemmy.today,693,16,625,299,1
kait@ohgodohfuck.fraudulent.link,693,16,686,332,3
baccata@lemmy.world,693,16,54,29,5
glitchy404@wetdry.world,693,16,563,386,1
packet@hexbear.net,693,16,178,359,2
lautrebeacon@lemmy.ca,694,15,161,160,2
SomeRandomGunner@toast.ooo,694,15,295,270,1
RobotZap10000@feddit.nl,694,15,316,81,1
gsus4@programming.dev,694,15,294,264,1
homo_particeps@fosstodon.org,694,15,93,375,1
rasensprenger@feddit.org,694,15,1,13,1
tetris11@lemmy.ml,694,15,11,225,1
Aussiemandeus@aussie.zone,694,15,448,202,1
CleverNameAndNumbers@lemmy.ca,694,15,498,82,2
knijn@catcatnya.com,694,15,309,267,3
mearce@programming.dev,694,15,233,94,2
rihatsu@lemm.ee,694,15,221,110,2
mrvictory1@lemmy.world,694,15,617,113,1
thacuber2a03@mastodon.gamedev.place,694,15,696,350,2
luke@mastsocial.de,694,15,842,4,1
tarsisurdi@lemmy.eco.br,694,15,295,388,2
servais@discuss.tchncs.de,694,15,163,133,1
terkaz@discuss.online,695,14,296,106,1
femboycuddles@lemmy.blahaj.zone,695,14,514,365,1
kionite231@lemmy.ca,695,14,198,129,1
Warsk@lemmy.ml,695,14,412,441,1
thegreenguy@sopuli.xyz,695,14,34,130,2
DarthFrodo@lemmy.world,695,14,166,210,1
Hedlosa@lemmy.blahaj.zone,695,14,185,227,1
sheepy@lemm.ee,695,14,266,92,2
deathmetal27@lemmy.world,695,14,123,43,1
dumblederp@aussie.zone,695,14,239,155,1
kholby@lemmy.world,695,14,524,21,3
bazsalanszky@lemmy.ml,695,14,683,339,2
Calming_Pants@feddit.org,695,14,515,189,1
hiroyt@lemmy.sdf.org,695,14,141,160,3
Pili@lemmy.ml,695,14,997,136,2
Pili@lemmy.world,695,14,995,135,2
johsny@lemmy.world,695,14,592,122,1
blaze@sopuli.xyz,695,14,163,134,1
late_night@sopuli.xyz,696,13,427,425,2
domi@lemmy.secnd.me,696,13,398,262,1
nomad@infosec.pub,696,13,187,257,1
dullbananas@lemmy.ca,696,13,289,456,1
blobloblob@toast.ooo,696,13,81,108,1
chrizzly@feddit.de,696,13,256,169,1
Lampenoel@feddit.de,696,13,255,168,1
andypiper@macaw.social,696,13,251,365,1
zoomboingding@lemmy.world,696,13,485,305,1
rumschlumpel@feddit.org,696,13,217,84,2
spatz@feddit.org,696,13,205,181,2
hubobes@sh.itjust.works,696,13,249,259,1
thefreepenguin@fosstodon.org,696,13,266,90,3
magustella@mastodon.ml,696,13,16,174,1
levav@mastodon.social,696,13,439,185,1
Teppichbrand@feddit.org,696,13,167,208,1
frobeniusnorm@lemmy.world,696,13,43,205,1
microw@lemm.ee,696,13,554,402,1
nixyjuppie@fosstodon.org,696,13,790,377,4
io@akko.wtf,696,13,256,296,1
AlbigensianGhoul@lemmygrad.ml,697,12,257,77,2
dandimrod@lemmy.world,697,12,1,20,1
Thelie@sh.itjust.works,697,12,260,102,1
pukyuk@mas.to,697,12,474,106,2
trevdog@lemmy.world,697,12,174,288,2
jmcs@social.jsantos.eu,697,12,398,52,1
jerrykan@aus.social,697,12,171,459,2
oppo@lemmygrad.ml,697,12,315,239,1
plunkbrowses@lemmy.world,697,12,693,185,1
arappathor@satzfetzen.de,697,12,229,291,2
naonintendois@programming.dev,697,12,35,270,1
daddledew@lemmy.world,697,12,214,112,1
Shkshkshk@dice.camp,697,12,243,216,1
zoey@anarres.family,697,12,293,70,4
schwoosh@lemmy.ca,697,12,422,92,1
logan_hero@lemmy.dbzer0.com,697,12,851,196,1
anton@lemmy.blahaj.zone,698,11,858,389,2
Kerrytani@mas.to,698,11,343,291,1
djgummikuh@mastodon.social,698,11,75,271,1
imLinguin@fosstodon.org,698,11,416,14,1
Muddobbers@infosec.exchange,698,11,400,228,1
funbreaker@lemmy.blahaj.zone,698,11,233,74,1
technological_elite@lemmy.one,698,11,176,463,2
cobysev@lemmy.world,698,11,548,22,1
dormant_chicken@sh.itjust.works,698,11,619,150,3
eutampieri@feddit.it,698,11,483,363,2
nithanim@programming.dev,698,11,553,340,2
fuck_u_spez_@sh.itjust.works,698,11,932,79,1
unnick@wetdry.world,698,11,604,46,1
snekmuffin@toast.ooo,698,11,928,277,1
kayfaraday@cannibal.cafe,698,11,894,374,2
Triadager@feddit.de,699,10,79,156,2
mbeezy@sh.itjust.works,699,10,238,186,1
Sjmarf@sh.itjust.works,699,10,350,425,1
frodz@feddit.org,699,10,229,147,1
star@mastodon.foxfire.dev,699,10,429,198,1
Racine@lemmy.nuage-libre.fr,699,10,128,146,1
toothbrush@lemmy.blahaj.zone,699,10,301,179,2
sandysocks@lemmy.world,699,10,538,186,1
liska@feddit.org,699,10,228,270,2
BossDj@lemm.ee,699,10,114,386,1
spacedout@lemmy.ml,699,10,233,75,2
shaliwolf@lemmy.blahaj.zone,699,10,79,123,3
sneezycat@sopuli.xyz,699,10,217,105,3
zarkosseth@lemmy.world,699,10,708,195,1
ty@blahaj.zone,699,10,914,415,1
Cokes@feddit.org,699,10,209,211,2
fuglyduck@lemmy.world,699,10,591,73,1
srootus@sh.itjust.works,699,10,835,142,2
confusedbunny@oldbytes.space,699,10,543,388,2
wiezy_lrwi@programming.dev,699,10,363,90,1
billboquet@tech.lgbt,699,10,449,432,2
simpliston@lemmy.world,699,10,792,344,1
Skarabrae@universeodon.com,700,9,157,449,1
therealkings@mstdn.myifn.de,700,9,209,196,1
charles@lemmy.ca,700,9,437,55,1
megaleo@mathstodon.xyz,700,9,449,225,4
jack@sh.itjust.works,700,9,194,474,1
definitelynotkaz@mastodon.social,700,9,327,269,2
C3D@lemmy.world,700,9,437,63,1
PointAndClique@hexbear.net,700,9,263,109,1
unionagainstdhmo@aussie.zone,700,9,230,88,1
Boxscape@lemmy.sdf.org,700,9,244,283,1
amphobet@lemmy.dbzer0.com,700,9,509,301,1
trojaner@social.trojaner.dev,700,9,540,37,3
iagondiscord@wetdry.world,700,9,693,331,1
data1701d@startrek.website,700,9,106,115,1
lare@mastodon.lare.cc,700,9,452,373,2
pinkcreeper100@tech.lgbt,700,9,848,84,1
zappotek@feddit.uk,700,9,83,151,2
ChewbaccasClitoris@lemmy.nz,701,8,114,317,1
maegul@lemmy.ml,701,8,479,364,1
titanraj@mastodon.social,701,8,199,66,1
Khael@jlai.lu,701,8,154,141,1
jasuu@mastodon.social,701,8,275,94,1
OvrdZe@feddit.org,701,8,244,168,1
jomn@jlai.lu,701,8,124,157,1
fylkenny@feddit.org,701,8,282,141,1
devdogg@lemmy.ml,701,8,87,166,1
v3g4n@grants.cafe,701,8,477,193,2
void@mastodon.sdf.org,701,8,165,20,1
Cameleopard@mastodonapp.uk,701,8,245,357,1
hopfenstrudel@feddit.org,701,8,242,128,2
kevindqc@lemmy.world,701,8,62,2,1
its_me_gb@feddit.uk,701,8,71,24,1
MichaelHawkinSnider@lemmy.world,701,8,236,413,1
mke@lemmy.world,701,8,367,445,1
kbrown@lemmy.world,701,8,17,79,1
ibt3321@lemmy.blahaj.zone,701,8,91,348,1
mlptechnerd01@equestria.social,701,8,565,13,1
tyalie@chaos.social,701,8,441,191,1
trk@aussie.zone,701,8,301,131,1
carl_marks_1312@lemmy.ml,701,8,267,97,1
heku@sopuli.xyz,701,8,514,12,2
sheepy0125@wetdry.world,701,8,527,23,1
Mxremy@todon.eu,701,8,569,368,2
absgeeknz@lemmy.nz,701,8,211,348,2
2xsaiko@discuss.tchncs.de,701,8,697,24,1
kali@ak.ari.lt,701,8,626,96,2
tesstherefusinggirl@lea.pet,701,8,708,310,1
aurora@oddballs.online,701,8,749,238,2
hungryphrog@lemmy.blahaj.zone,702,7,255,64,1
puchaczyk@lemmy.blahaj.zone,702,7,984,139,1
rasensprenger@feddit.de,702,7,0,1,1
shlomek@feddit.org,702,7,251,134,2
sylverstream@lemmy.nz,702,7,105,307,1
matteufo95@mastodon.uno,702,7,247,57,1
cerothen@lemmy.ca,702,7,495,55,1
c0debabe@hackers.town,702,7,389,221,1
otter@lemmy.zip,702,7,312,421,1
maheshrijal@mastodon.social,702,7,375,39,1
b_van_b@programming.dev,702,7,190,469,1
chrismit3s@feddit.org,702,7,318,165,1
Purp215152@mastodon.social,702,7,53,101,1
eunieisthebus@feddit.de,702,7,189,462,1
herrlevin_@queer.party,702,7,354,127,1
PentaBear@hexbear.net,702,7,250,92,1
catzoomies@lemmy.world,702,7,990,300,1
Paper_crook@nnia.space,702,7,366,1,1
maxso216@ani.social,702,7,201,360,1
TheGrandNagus@lemmy.world,702,7,450,384,2
antonmoglia@mastodon.design,702,7,743,486,1
hipponline@lemmy.world,702,7,855,150,2
safesyrup@lemmy.hogru.ch,702,7,558,344,1
bricked@sh.itjust.works,702,7,934,406,1
RayJW@sh.itjust.works,702,7,515,383,1
im_at_work_mom@lemmy.world,702,7,165,223,1
computergeek@mas.to,702,7,496,158,1
sus@programming.dev,702,7,164,50,1
crassus@feddit.nl,702,7,98,35,1
bennychill@hexbear.net,702,7,246,77,6
waxy@lemmy.ca,702,7,418,46,1
utdbrent@mastodon.online,702,7,186,312,2
cojeva4533@sh.itjust.works,702,7,265,466,2
unfitting@futurology.today,702,7,187,474,1
Today@lemmy.world,703,6,257,272,1
brgo@lemmy.nz,703,6,165,329,1
julianh@lemm.ee,703,6,433,188,1
un_aristocrate@jlai.lu,703,6,48,66,2
HatchetHaro@lemmy.blahaj.zone,703,6,422,220,1
RST987@infosec.pub,703,6,74,272,1
rmean@feddit.org,703,6,229,143,1
usr@lemmy.ca,703,6,67,420,2
je@tech.lgbt,703,6,10,156,1
Greendeath13@lemmy.dbzer0.com,703,6,17,156,1
AcidePoulain@mstdn.social,703,6,120,307,1
MBrandtner@gruene.social,703,6,381,79,1
Frosty@lemm.ee,703,6,220,153,1
disguisedjoker@lemmy.world,703,6,101,496,1
tivadar@mastodon.gamedev.place,703,6,209,234,1
Wolfi@social.anoxinon.de,703,6,218,176,2
knightpp@mastodon.knightpp.cc,703,6,64,273,1
siroj42@troet.cafe,703,6,244,91,1
pakruse@mastodon.social,703,6,368,221,1
ducktype@lemmy.zip,703,6,268,400,2
starman@programming.dev,703,6,426,69,2
Lime66@lemmy.world,703,6,48,30,1
fallofturkey@lemmy.world,703,6,218,490,1
Olmill@mapsupport.de,703,6,366,7,1
eric@lemmy.ca,703,6,194,475,1
joby@programming.dev,703,6,233,94,1
bream_stone@lemmy.blahaj.zone,703,6,334,24,1
bubs@defcon.social,703,6,466,453,1
KmlSlmk64@lemmy.world,703,6,680,271,1
TerryTPlatypus@beehaw.org,703,6,138,215,2
sleepdrifter@startrek.website,703,6,299,400,2
twinnie@feddit.uk,703,6,573,440,1
your_aura@social.noleron.com,703,6,907,499,1
lostluma@tech.lgbt,703,6,528,310,1
Harry123457@lemmy.world,703,6,450,57,1
Spaenny@social.fro.ge,703,6,241,242,2
gege999@lemmy.ml,703,6,498,297,1
pili@framapiaf.org,703,6,983,136,1
maxicarlos08@mastodon.chaosfield.at,703,6,810,264,2
spikiii@tech.lgbt,703,6,572,364,2
imjustarock@hachyderm.io,703,6,820,377,1
green@transfem.social,703,6,704,384,1
aninoss@lemm.ee,703,6,399,47,1
helios@social.ggbox.fr,703,6,762,394,2
ahoy@lemmynsfw.com,703,6,362,399,2
kayfaraday@imouto.pics,703,6,898,366,1
snuffster@aethy.com,703,6,917,363,1
northendtrooper@lemmy.ca,703,6,368,101,1
swedishwin@mastodonapp.uk,703,6,259,466,1
tireddemigod@cannibal.cafe,703,6,751,235,1
latitude@lemmings.world,703,6,391,153,1
biopractical@mastodon.social,703,6,762,235,1
wuffwuffwuff@sh.itjust.works,703,6,258,465,1
ctr1@fl0w.cc,704,5,82,158,1
Demigodrick@lemmy.zip,704,5,314,398,1
acejoker415@mas.to,704,5,448,167,1
Irevirt@fosstodon.org,704,5,921,376,2
eskimofry@lemmy.world,704,5,313,173,1
dosuser123456@lemmy.sdf.org,704,5,805,206,1
box464@mastodon.social,704,5,211,151,1
serendil@nrw.social,704,5,263,177,1
ghost_of_faso2@lemmygrad.ml,704,5,244,66,1
kensand@sopuli.xyz,704,5,275,92,1
gebruikersnaam@lemmy.ml,704,5,196,136,1
schlump@feddit.org,704,5,220,137,1
alanceil@feddit.org,704,5,286,201,1
LordOsslor@lemmy.ml,704,5,208,164,1
sabata11792@ani.social,704,5,241,399,2
usaleste@lemmy.world,704,5,240,357,1
Coolkidbozzy@hexbear.net,704,5,269,36,1
vacuumfountain@startrek.website,704,5,107,93,1
millerqueen@feddit.uk,704,5,48,40,1
osaerisxero@kbin.run,704,5,343,95,1
Despair@lemmy.world,704,5,261,123,1
nicknonya@lemmy.blahaj.zone,704,5,218,106,1
mhmmm@slrpnk.net,704,5,998,480,1
Estadiol_Enjoyer@lemmy.blahaj.zone,704,5,773,102,1
spectrism@discuss.tchncs.de,704,5,233,243,3
Rairii@social.nano.lgbt,704,5,805,387,1
florck@framapiaf.org,704,5,610,155,2
Krzd@lemmy.world,704,5,529,332,1
ledoian@pleroma.ledoian.cz,704,5,513,17,1
HereToLurk@lemmy.world,704,5,891,176,5
mexicancartel@lemmy.dbzer0.com,704,5,811,471,1
ClimacticClimateChange44@slrpnk.net,704,5,716,180,1
absentbird@lemm.ee,704,5,559,25,2
aldalire@lemmy.dbzer0.com,704,5,160,387,1
urheber@discuss.tchncs.de,704,5,647,133,1
redhydride@lemmy.ml,704,5,118,219,1
jwing@lemmy.world,704,5,983,319,1
rayspekt@lemmy.world,704,5,247,370,1
cornflower_blues@xelebre.com,704,5,679,105,1
habesa139@mastodonapp.uk,704,5,264,465,1
iso@lemy.lol,705,4,633,246,1
Teabow49@jlai.lu,705,4,176,159,1
Quik@infosec.pub,705,4,0,0,2
Downcount@lemmy.world,705,4,8,4,1
cout970@programming.dev,705,4,362,499,1
onlooker@lemmy.ml,705,4,406,474,1
Panq@lemmy.nz,705,4,166,312,1
jaqajkyuwlhxqdcbpa@grants.cafe,705,4,436,252,1
Victoriaascharleau@lemmy.world,705,4,414,262,1
tensob_@mastodonczech.cz,705,4,375,249,1
emmanuelwald@deacon.social,705,4,75,389,1
fabrik42@mastodon.social,705,4,235,146,1
ben@werd.social,705,4,175,485,1
Fluff_muffin@lemmy.today,705,4,353,136,1
Mindful@lemmy.world,705,4,305,95,2
HBK@lemmy.dbzer0.com,705,4,157,442,1
hergon@social.linux.pizza,705,4,174,168,1
singolzd@framapiaf.org,705,4,231,157,1
ErikUden@sfba.social,705,4,217,118,1
GammaGames@beehaw.org,705,4,408,441,1
terraetos@lemm.ee,705,4,458,69,1
lone_faerie@lemmy.blahaj.zone,705,4,261,62,1
zvavybir@social.zvavybir.eu,705,4,0,1,1
odium@programming.dev,705,4,215,458,1
SevenStack@startrek.website,705,4,116,104,1
SRAZKVT@tech.lgbt,705,4,113,203,1
ArmokGoB@lemmy.dbzer0.com,705,4,175,210,2
zoinks@gts.scoobysnack.net,705,4,79,341,1
fijxu@programming.dev,705,4,255,454,1
kirkoman@sh.itjust.works,705,4,160,201,3
Tiefkuehlkost@feddit.org,705,4,305,371,2
giantpaper@mas.to,705,4,503,338,1
senid@framapiaf.org,705,4,408,76,1
dans@lemm.ee,705,4,649,110,2
gilbert31@mastodon.online,705,4,417,90,1
ikuda@tech.lgbt,705,4,617,156,1
Rolando@lemmy.world,705,4,950,196,1
villepreux@mastodon.social,705,4,603,137,1
deafsalute@mas.to,705,4,877,202,1
Emperohr@sharkey.world,705,4,34,199,1
riidom@metalhead.club,705,4,873,303,1
plasmoidal@startrek.website,705,4,91,116,1
thepinkunicorn@lemdro.id,705,4,691,217,1
larymir@chaos.social,705,4,622,312,1
Deemo@bookwormstory.social,705,4,889,235,1
caseycases@woem.men,705,4,813,144,1
shreddit@lemmy.world,705,4,279,55,1
ezbz@lemmy.blahaj.zone,705,4,568,385,1
april@fedi.bapril.pl,705,4,661,336,1
getimiskon@fedi.getimiskon.xyz,705,4,876,163,2
poolitzer@feddit.org,705,4,2,206,2
morelikeredditdotworld@mastodon.social,705,4,265,465,1
sabapo9025@mastodonapp.uk,705,4,263,465,1
BlasphemicMantis@beehaw.org,706,3,28,9,1
Fizz@lemmy.nz,706,3,206,358,1
jonas@vmst.io,706,3,254,60,1
Mraniki@lemmy.world,706,3,217,46,1
Svennas@lemmy.world,706,3,177,5,1
wallmenis@lemmy.one,706,3,493,288,1
_max@mas.to,706,3,388,54,1
iommu@mastodon.social,706,3,466,205,1
gnutrino@programming.dev,706,3,269,106,1
wiltur@mamot.fr,706,3,243,378,1
b0rax@feddit.de,706,3,274,191,1
twei@discuss.tchncs.de,706,3,8,12,1
mads@lemmy.dbzer0.com,706,3,448,496,1
comcloudway@social.ccw.icu,706,3,384,467,1
gigachad@sh.itjust.works,706,3,282,139,1
Lennnny@lemmy.world,706,3,361,97,1
hex@hexbear.net,706,3,409,274,1
yikal@mastodon.social,706,3,416,47,1
jairajdevadiga@mastodon.social,706,3,83,408,1
sir_pronoun@lemmy.world,706,3,223,216,1
ShaolinRaiden@lemmy.dbzer0.com,706,3,256,109,1
uis@lemm.ee,706,3,204,297,1
TheGymNerd@mastodon.social,706,3,51,40,1
ComRed2@hexbear.net,706,3,224,276,1
fristislurper@feddit.nl,706,3,141,201,1
Dreamingdust@lemmy.world,706,3,358,85,1
4stringscooter@lemmy.ml,706,3,262,234,1
Giraffespotter@mastodon.social,706,3,717,173,1
palitu@aussie.zone,706,3,697,198,1
Iloveyurianime@ani.social,706,3,433,206,1
bongoknight@ioc.exchange,706,3,603,146,1
jeeynet@framapiaf.org,706,3,840,425,2
soundhole@lemm.ee,706,3,515,372,2
OliverClub@lemmy.world,706,3,57,121,1
fil@hachyderm.io,706,3,410,234,1
tajac@feddit.dk,706,3,710,314,1
n@social.tourmentine.com,706,3,665,297,1
isabel@akko.isabelroses.com,706,3,512,384,1
alfenstein@beehaw.org,706,3,146,199,1
Macarthur_park@lemmy.world,706,3,237,190,1
buttconjuror@lemmy.dbzer0.com,706,3,633,308,1
neutronst4r@beehaw.org,706,3,239,423,1
monooxid@feddit.org,706,3,22,205,1
mixel@feddit.org,706,3,292,181,1
yetAnotherUser@discuss.tchncs.de,706,3,128,265,1
joe_archer@lemmy.world,706,3,49,24,1
lisatrevor@hexbear.net,706,3,797,95,1
ellie@social.lol,706,3,597,336,1
writeblankspace@shonk.social,706,3,53,361,1
katzenic@sh.itjust.works,706,3,90,289,1
nek0zyx@floofy.city,706,3,268,455,1
alelmy@lemmy.world,706,3,870,256,1
azimir@lemmy.ml,706,3,982,494,1
k_rol@lemmy.ca,706,3,105,4,2
jafat69457@sh.itjust.works,706,3,538,186,1
rondomi@mastodon.social,706,3,763,238,1
mac@programming.dev,707,2,428,477,1
aradgus@lemmy.ml,707,2,821,76,1
lambdabeta@lemmy.ca,707,2,422,81,1
deras@sopuli.xyz,707,2,46,390,1
Shadow@lemmy.ca,707,2,497,51,1
patryk3211@sh.itjust.works,707,2,104,62,1
Alfiegerner@lemm.ee,707,2,123,329,2
adanisi@lemmy.zip,707,2,291,400,1
Zeratul@lemmus.org,707,2,318,161,1
smiletolerantly@awful.systems,707,2,412,456,1
kage@discuss.tchncs.de,707,2,272,190,1
bafdyce@chaos.social,707,2,301,151,1
msugarhill@chaos.social,707,2,290,134,1
eisfrei@lemmy.world,707,2,406,444,1
ondras@cztwitter.cz,707,2,66,224,1
emanuelecariati@mastodon.social,707,2,303,243,1
wuerger@feddit.org,707,2,418,380,1
ElmarsonTheThird@discuss.tchncs.de,707,2,235,142,1
aeharding@vger.social,707,2,378,423,1
Captain_Baka@feddit.de,707,2,10,9,1
d15d@feddit.org,707,2,412,86,1
Galoisghost@aussie.zone,707,2,155,461,1
tabtomi@lemmy.dbzer0.com,707,2,0,0,1
kernelle@lemmy.world,707,2,0,499,1
tribut@chaos.social,707,2,254,165,1
byggmax@mastodon.nu,707,2,309,91,1
davinov@mamot.fr,707,2,274,313,1
lolacat@lemmy.ca,707,2,433,180,1
truh@shark.community,707,2,384,236,1
theacharnian@lemmy.ca,707,2,487,51,1
balefirex@hexbear.net,707,2,242,82,1
ajt@mas.to,707,2,210,237,1
mosadie@mastodon.social,707,2,226,273,1
trainden@lemmy.blahaj.zone,707,2,275,48,1
ffefox@sopuli.xyz,707,2,250,96,1
eggymachus@sh.itjust.works,707,2,261,91,1
pikmeir@lemmy.world,707,2,331,61,1
duckytoast@sh.itjust.works,707,2,336,353,1
lyfja@wetdry.world,707,2,399,157,1
autism_2@hexbear.net,707,2,440,115,1
john@grants.cafe,707,2,423,266,1
Coach@lemmy.world,707,2,87,354,1
redwood1@mander.xyz,707,2,371,389,1
immortal_crab@lemmy.blahaj.zone,707,2,259,26,1
hirvox@mastodon.online,707,2,232,244,1
jens@social.finkhaeuser.de,707,2,589,430,1
Silicondon@lemmy.ml,707,2,91,104,1
a_wild_mimic_appears@lemmy.dbzer0.com,707,2,478,413,1
paws@cyberpaws.lol,707,2,537,333,1
brobocop@sh.itjust.works,707,2,92,97,1
zombifrog@lemm.ee,707,2,848,191,1
nclm@mastodon.social,707,2,789,275,1
Brotahari@lemmy.world,707,2,101,102,1
marker2002@lemmy.world,707,2,541,224,1
MashedTech@lemmy.world,707,2,401,419,1
ashley@snug.moe,707,2,692,85,1
sudoroot@lemmy.zip,707,2,847,269,1
l_inadapte@framapiaf.org,707,2,612,154,1
thfi@discuss.tchncs.de,707,2,618,144,1
CBProjects@lemmy.world,707,2,135,397,1
maltimore@social.tchncs.de,707,2,896,395,2
Gravel8@lemmy.dbzer0.com,707,2,753,350,1
pokap@mastodon.top,707,2,696,209,1
scout@meow.social,707,2,805,312,1
estec@tooter.social,707,2,172,232,2
Sir_Fridge@lemmy.world,707,2,330,63,1
fre@infosec.exchange,707,2,558,326,1
tacoslab@mas.to,707,2,609,105,1
yokonzo@lemmy.world,707,2,797,252,1
sonicity@blahaj.zone,707,2,515,231,1
niwadile@yiffit.net,707,2,22,362,1
renormalizer@feddit.org,707,2,771,291,1
sigurdvie@mastodon.world,707,2,169,492,1
ilovecheese@feddit.uk,707,2,51,23,1
evysgarden@chaos.social,707,2,680,141,1
riquy@lemm.ee,707,2,391,440,1
dubnako@lingo.lol,707,2,885,78,1
risisos736@toot.io,707,2,257,465,1
couropath@mastodon.social,707,2,754,235,1
grant@toast.ooo,708,1,586,133,1
bmatrix@lemmy.world,708,1,412,81,1
osrsneedsf2p@lemmy.ml,708,1,292,333,1
Ritsu4Life@lemmy.world,708,1,249,235,1
woelkchen@lemmy.world,708,1,125,267,1
Wistful@discuss.tchncs.de,708,1,625,161,1
mvirts@lemmy.world,708,1,282,5,1
SorteKanin@feddit.dk,708,1,364,32,1
sayjess@lemmy.blahaj.zone,708,1,274,35,1
WiseThat@lemmy.ca,708,1,433,67,1
Petrichor@feddit.org,708,1,188,258,1
rafimeher@mstdn.ca,708,1,495,45,1
blackouttripleseven@lemmy.blahaj.zone,708,1,65,99,1
Zeddi@feddit.org,708,1,284,289,1
Abekonge@sunbeam.city,708,1,117,163,1
alexw_578@yiffit.net,708,1,30,419,1
kubikpixel@chaos.social,708,1,252,278,1
ondere@tux.social,708,1,266,19,1
Amonshi284@discuss.tchncs.de,708,1,268,184,1
Lianove3@indieweb.social,708,1,152,292,1
orsetto@lemmy.dbzer0.com,708,1,83,108,1
Mok98@feddit.it,708,1,309,108,1
raucao@kosmos.social,708,1,213,121,1
Alexxxolotl@sh.itjust.works,708,1,72,313,1
xjarlie@mas.to,708,1,475,203,1
quadradical@wetdry.world,708,1,443,208,1
jautero@climatejustice.social,708,1,125,144,1
flamingo_pinyata@sopuli.xyz,708,1,274,81,1
polakkenak@feddit.dk,708,1,31,26,1
drikkes@mastodon.social,708,1,56,144,1
raikas@mementomori.social,708,1,128,282,1
EherNicht@feddit.org,708,1,405,490,1
puppy@lemmy.world,708,1,469,296,1
Marmaduke@lemmy.world,708,1,208,449,1
dploeger@mastodon.social,708,1,301,190,1
cucumberbob@programming.dev,708,1,54,411,1
freiheitsgrad@mastodontech.de,708,1,418,422,1
Smackemwittadic@lemmy.world,708,1,143,151,1
ayaya@lemdro.id,708,1,463,474,1
SpaceNoodle@lemmy.world,708,1,175,215,1
lemmyrob@feddit.org,708,1,205,123,1
hexesofvexes@lemmy.world,708,1,57,70,1
Romkslrqusz@lemm.ee,708,1,160,169,1
sdsil@lemmy.world,708,1,294,371,1
amanda@social.spejset.org,708,1,261,109,1
boredsquirrel@slrpnk.net,708,1,6,15,1
carotte@toot.cat,708,1,253,92,1
deadsuperhero@social.wedistribute.org,708,1,114,119,1
sharkfur@lemmy.world,708,1,283,188,1
InvalidSudo@sh.itjust.works,708,1,232,268,1
LinkOpensChest_wav@lemmy.blahaj.zone,708,1,262,69,1
jamesnovak@hachyderm.io,708,1,204,234,1
wetnoodle@sopuli.xyz,708,1,265,97,1
johnassel@discuss.tchncs.de,708,1,299,128,1
syx@hachyderm.io,708,1,255,386,1
menica@eldritch.cafe,708,1,128,391,1
RelativeArea0@lemmy.world,708,1,144,298,1
nat@lemmy.world,708,1,468,498,1
C0RBEENO@lemmy.world,708,1,194,252,1
Kranerian@startrek.website,708,1,103,116,1
Harwood97@lemmy.world,708,1,242,446,1
smokeymcpott@feddit.org,708,1,219,145,2
0ops@lemm.ee,708,1,674,260,1
bl4kers@beehaw.org,708,1,54,56,1
arklampumbrella@leminal.space,708,1,266,347,1
cyber@feddit.uk,708,1,547,402,1
BlueBockser@programming.dev,708,1,170,106,1
bronzle@lemm.ee,708,1,607,221,1
ex3mpted@mastodon.social,708,1,558,1,1
jawa21@lemmy.sdf.org,708,1,978,184,1
jaydee@lemmy.ml,708,1,536,275,1
aurnytoraink@piaille.fr,708,1,111,145,1
yunikotank@lemmy.world,708,1,986,417,1
mrkwse@mastodon.social,708,1,314,5,1
pezhore@lemmy.ml,708,1,618,162,1
getrigged@mastodon.social,708,1,668,332,1
halva@wetdry.world,708,1,700,200,1
powermaker450@discuss.tchncs.de,708,1,51,23,1
wuffa@discuss.tchncs.de,708,1,903,301,1
shlee@aus.social,708,1,615,261,1
keineanung@lemmy.world,708,1,516,292,1
tropicaldingdong@lemmy.world,708,1,468,335,1
whitehotaru@feddit.org,708,1,46,197,1
xanthrax@lemmy.world,708,1,890,223,1
Seven@feddit.org,708,1,967,464,1
zaknenou@lemmy.dbzer0.com,708,1,632,226,1
blastboomstrice@mander.xyz,708,1,920,414,1
jaycifer@lemmy.world,708,1,135,458,1
Mishavelthuis@social.edu.nl,708,1,721,155,1
Shaggy959500@lemmy.world,708,1,678,32,1
lenny@defcon.social,708,1,592,126,1
LIE@lemmy.dbzer0.com,708,1,342,73,1
slothrop@chaos.social,708,1,401,120,1
beeple@slrpnk.net,708,1,868,54,1
koko@tech.lgbt,708,1,839,91,1
capitao_duarte@lemmy.eco.br,708,1,379,65,1
edgemaster72@lemmy.world,708,1,692,295,1
tomatoma12@mastodon.social,708,1,205,20,1
porzellanladen@mastodon.de,708,1,209,386,1
root@possum.city,708,1,628,126,1
andrew_bidlaw@sh.itjust.works,708,1,867,72,2
remembertheapollo_@lemmy.world,708,1,75,282,1
poot@fosstodon.org,708,1,378,439,1
fenrirre@wetdry.world,708,1,408,386,1
dumbfuq@lemmy.world,708,1,30,124,1
alexandria@mastodon.gamedev.place,708,1,466,384,2
mistyot@mastodon.social,708,1,353,207,1
the16bitgamer@lemmy.world,708,1,627,50,1
plane@possum.city,708,1,436,314,1
lemmysmash@mastodon.social,708,1,258,465,1
joliter781@sh.itjust.works,708,1,257,465,1
nataliathedrowned2@kbin.run,709,0,None,None,None
cypherpunks@lemmy.ml,709,0,None,None,None
toast@feddit.org,709,0,None,None,None
d00ery@lemmy.world,709,0,None,None,None
Ethgar@berlin.social,709,0,None,None,None
Virual@lemmy.dbzer0.com,709,0,None,None,None
eaglesrl@lemmy.blahaj.zone,709,0,None,None,None
CauseOfBSOD@fedi.bangsparks.com,709,0,None,None,None
lea@lea.pet,709,0,None,None,None
uplink@programming.dev,709,0,None,None,None
kyleraykbs@lemmy.ml,709,0,None,None,None
muekoeff@social.saarland,709,0,None,None,None
polar@lemmy.ml,709,0,None,None,None
