instance_id, instance_name
1,lemmy.world
2,feddit.de
3,sh.itjust.works
4,lemm.ee
5,lemmy.blahaj.zone
6,lemmy.ml
7,feddit.org
8,lemmy.ca
9,mastodon.social
10,programming.dev
11,toast.ooo
12,discuss.tchncs.de
13,lemmy.zip
14,beehaw.org
15,lemmy.dbzer0.com
16,sopuli.xyz
17,jlai.lu
18,hexbear.net
19,feddit.nl
20,aussie.zone
21,mas.to
22,pawb.social
23,lemmy.nz
24,lemmy.sdf.org
25,wetdry.world
26,slrpnk.net
27,lemmynsfw.com
28,feddit.dk
29,startrek.website
30,reddthat.com
31,infosec.pub
32,feddit.uk
33,midwest.social
34,lemmygrad.ml
35,feddit.it
36,chaos.social
37,lemmy.one
38,lemmy.eco.br
39,lemmy.fmhy.net
40,fosstodon.org
41,tech.lgbt
42,mander.xyz
43,grants.cafe
44,ani.social
45,yiffit.net
46,lemdro.id
47,feddit.ch
48,lemy.lol
49,feddit.nu
50,nano.garden
51,mastodon.de
52,piaille.fr
53,nnia.space
54,troet.cafe
55,lemmy.today
56,equestria.social
57,eldritch.cafe
58,mstdn.social
59,monyet.cc
60,mastodon.online
61,framapiaf.org
62,discuss.online
63,bookwormstory.social
64,blahaj.zone
65,transfem.social
66,social.tchncs.de
67,oddballs.online
68,lemmy.pt
69,lemmings.world
70,kerala.party
71,infosec.exchange
72,hachyderm.io
73,geddit.social
74,wehavecookies.social
75,no.lastname.nz
76,monero.town
77,mastodonapp.uk
78,mastodon.gamedev.place
79,mamot.fr
80,lemmus.org
81,fedia.io
82,xelebre.com
83,waveform.social
84,ttrpg.network
85,tilde.zone
86,szmer.info
87,social.noleron.com
88,pricefield.org
89,postit.quantentoast.de
90,possum.city
91,mstdn.io
92,meow.social
93,mastodon.world
94,mastodon.uno
95,mastodon.nu
96,mastodon.art
97,masto.ai
98,mapsupport.de
99,lib.lgbt
100,lemmyrs.org
101,lemmy.wtf
102,lemmy.hogru.ch
103,lemmy.henknet.org
104,lemmy.federated.club
105,leminal.space
106,kwak.cab
107,idic.social
108,cannibal.cafe
109,c.im
110,woem.men
111,veganism.social
112,toot.garden
113,todon.eu
114,thelemmy.club
115,techhub.social
116,social.linux.pizza
117,social.dn42.us
118,snug.moe
119,rivals.space
120,pornlemmy.com
121,pony.social
122,pone.social
123,pipou.academy
124,orbiting.observer
125,octodon.social
126,norden.social
127,mtgzone.com
128,mstdn.party
129,metalhead.club
130,mastodontech.de
131,mastodonczech.cz
132,mastodon.top
133,livellosegreto.it
134,lemmy.tf
135,lemmy.self-hosted.site
136,lemmy.secnd.me
137,lemmy.lukeog.com
138,kbin.run
139,indieweb.social
140,imouto.pics
141,hooves.social
142,furry.engineer
143,fl0w.cc
144,fe.disroot.org
145,f.cz
146,esperanto.masto.host
147,endlesstalk.org
148,eepy.express
149,dubvee.org
150,donotsta.re
151,defcon.social
152,climatejustice.social
153,casavaga.com
154,burggit.moe
155,biglemmowski.win
156,awful.systems
157,aus.social
158,ak.ari.lt
159,zirk.us
160,witter.cz
161,wired.bluemarch.art
162,wikis.world
163,werd.social
164,vmst.io
165,vger.social
166,uwu.social
167,universeodon.com
168,tux.social
169,tummy.town
170,toots.ananace.dev
171,tooting.ch
172,tooter.social
173,tooter.sftn.eu
174,toot.io
175,toot.cat
176,toki.social
177,tiny.tilde.website
178,thicc.horse
179,thegarden.land
180,terere.social
181,swiss.social
182,sunbeam.city
183,strangeobject.space
184,social.zvavybir.eu
185,social.zarchbox.fr
186,social.wedistribute.org
187,social.voklen.com
188,social.vivaldi.net
189,social.trojaner.dev
190,social.tourmentine.com
191,social.spejset.org
192,social.recondo.com.br
193,social.pixelcave.xyz
194,social.nano.lgbt
195,social.lol
196,social.jsantos.eu
197,social.ggbox.fr
198,social.fro.ge
199,social.finkhaeuser.de
200,social.edu.nl
201,social.dhelonious.de
202,social.cool110.xyz
203,social.cologne
204,social.ccw.icu
205,social.anoxinon.de
206,skeptics.social
207,shonk.social
208,sharkey.world
209,shark.community
210,sha1.nl
211,sfba.social
212,satzfetzen.de
213,retro.pizza
214,red.cyberhase.de
215,rabbitea.rs
216,queer.party
217,prxs.site
218,pounced-on.me
219,pouet.fedi.quebec
220,pouet.chapril.org
221,potate.space
222,pleroma.lord.re
223,pleroma.ledoian.cz
224,pixel.tchncs.de
225,phpc.social
226,peculiar.florist
227,paravielfalt.zone
228,outpost.zeuslink.net
229,otherling.social
230,otakuzatoka.cz
231,oldbytes.space
232,ohgodohfuck.fraudulent.link
233,oc.todon.fr
234,nrw.social
235,nerdculture.de
236,nebu.land
237,muenchen.social
238,mstdn.ro
239,mstdn.myifn.de
240,mstdn.ca
241,moist.catsweat.com
242,misskey.id
243,mementomori.social
244,mathstodon.xyz
245,mastsocial.de
246,mastodont.cat
247,mastodon.zaclys.com
248,mastodon.tedomum.net
249,mastodon.sdf.org
250,mastodon.radio
251,mastodon.nzoss.nz
252,mastodon.ml
253,mastodon.mariusdavid.fr
254,mastodon.lare.cc
255,mastodon.knightpp.cc
256,mastodon.jordanwages.com
257,mastodon.green
258,mastodon.foxfire.dev
259,mastodon.design
260,mastodon.chaosfield.at
261,masto.bike
262,macaw.social
263,m.cmx.im
264,lzrprt.sbs
265,lmmy.net
266,lmmy.dk
267,lm.paradisus.day
268,lm.bittervets.org
269,literature.cafe
270,links.hackliberty.org
271,lingo.lol
272,lgbtqia.space
273,lethallava.land
274,lemmy.timwaterhouse.com
275,lemmy.tiebe.dev
276,lemmy.studio
277,lemmy.stuart.fun
278,lemmy.sidh.bzh
279,lemmy.shtuf.eu
280,lemmy.shinomoroll.net
281,lemmy.sedimentarymountains.com
282,lemmy.sdfeu.org
283,lemmy.run
284,lemmy.potatoe.ca
285,lemmy.place
286,lemmy.ohaa.xyz
287,lemmy.nuage-libre.fr
288,lemmy.nicknakin.com
289,lemmy.name
290,lemmy.myserv.one
291,lemmy.mariusdavid.fr
292,lemmy.loomy.li
293,lemmy.kde.social
294,lemmy.johnnei.org
295,lemmy.jlh.name
296,lemmy.jigoku.us.to
297,lemmy.hoyle.me.uk
298,lemmy.horwood.cloud
299,lemmy.helios42.de
300,lemmy.felixperron.com
301,lemmy.federa.net
302,lemmy.fan
303,lemmy.dynatron.me
304,lemmy.douwes.co.uk
305,lemmy.dormedas.com
306,lemmy.dcmrobertson.com
307,lemmy.comfysnug.space
308,lemmy.cat
309,lemmy.cafe
310,lemmy.autism.place
311,lemmy.atay.dev
312,lemmy.antemeridiem.xyz
313,lemmy.ananace.dev
314,lemm.live
315,lea.pet
316,l.rickebo.com
317,l.henlo.fi
318,l.antiope.link
319,kosmos.social
320,kolektiva.social
321,jemmy.jeena.net
322,jasdemi.com
323,is.horse
324,ioc.exchange
325,imaginair.es
326,ieji.de
327,i.d0ntknow.me
328,hostux.social
329,hj.9fs.net
330,hessen.social
331,hayu.sh
332,hackers.town
333,h4.io
334,gts.scoobysnack.net
335,gruene.social
336,glaceon.social
337,gehirneimer.de
338,gaygeek.social
339,fuzzyfox.social
340,futurology.today
341,furries.club
342,fost.hu
343,floofy.tech
344,floofy.city
345,firefish.minecraftchest1.us
346,fedi.jamsharp.net
347,fedi.getimiskon.xyz
348,fedi.bapril.pl
349,feddit.jcm.re
350,etaorion.org
351,en.osm.town
352,emacs.ch
353,dotnet.social
354,dormi.zone
355,discuss.as200950.com
356,dice.camp
357,det.social
358,derpy.masto.host
359,derg.social
360,deacon.social
361,cztwitter.cz
362,czech-lemmy.eu
363,cyberplace.social
364,cyberpaws.lol
365,cornichon.me
366,corneill.es
367,compuverse.uk
368,comicscamp.club
369,clar.ke
370,chitter.xyz
371,catcatnya.com
372,brain.d.on-t.work
373,blobfox.coffee
374,birdbox.party
375,antabaka.me
376,anarres.family
377,akko.wtf
378,akko.isabelroses.com
379,akk.de-lacom.be
380,ak.vern.cc
381,aethy.com
382,101010.pl
383,berlin.social
384,fedi.bangsparks.com
385,social.saarland
386,tsukihi.me
387,crazypeople.online
388,loli.church
389,ohai.social
390,bolha.us
391,gregtech.eu
392,bikersgo.social
393,cuties.social
394,mariusdavid.fr
395,fbsweb.de
396,social.net.ua
397,layer8.space
398,social.darc.de
399,lemmy.asudox.dev
400,todon.nl
401,bytes.programming.dev
402,niyawe.de
403,norcal.social
404,lemmy.kokomo.cloud
405,app.wafrn.net
406,unwilling.observer
407,shellfish.racing
408,kif.rocks
409,digitalcourage.social
410,snac.lab8.cz
411,shkey.cakestwix.com
412,pol.social
413,merveilles.town
414,fro.ge
415,other.li
416,sakurajima.moe
417,twoot.site
418,yall.theatl.social
419,social.antifa.gmbh
420,ymous.au
421,splatsville.social
422,functional.cafe
423,dizl.de
424,social.nekover.se
425,rheinneckar.social
426,lemmy.30p87.de
427,pl.m0e.space
428,frogs.lgbt
429,fedi.lilahexe.top
430,mastodon.jimmy-b.se
431,social.gfsc.studio
432,social.adlerweb.info
433,fem.social
434,europe.pub
435,lemmy.abnormalbeings.space
